sesso,età,imput_affermazione,grado_accordo,percentuale
maschi,18-29,Le donne possono provocare la violenza sessuale con il loro modo di vestire,molto_d_accordo,4.8
maschi,18-29,Le donne possono provocare la violenza sessuale con il loro modo di vestire,abbastanza_d_accordo,10.1
maschi,18-29,Le donne possono provocare la violenza sessuale con il loro modo di vestire,poco_d_accordo,21.0
maschi,18-29,Le donne possono provocare la violenza sessuale con il loro modo di vestire,per_niente_d_accordo,58.7
maschi,18-29,Le donne possono provocare la violenza sessuale con il loro modo di vestire,non_risponde,5.4
maschi,18-29,Le donne che non vogliono un rapporto sessuale riescono ad evitarlo,molto_d_accordo,14.9
maschi,18-29,Le donne che non vogliono un rapporto sessuale riescono ad evitarlo,abbastanza_d_accordo,26.5
maschi,18-29,Le donne che non vogliono un rapporto sessuale riescono ad evitarlo,poco_d_accordo,28.3
maschi,18-29,Le donne che non vogliono un rapporto sessuale riescono ad evitarlo,per_niente_d_accordo,24.0
maschi,18-29,Le donne che non vogliono un rapporto sessuale riescono ad evitarlo,non_risponde,6.3
maschi,18-29,Le donne serie non vengono violentate,molto_d_accordo,0.9
maschi,18-29,Le donne serie non vengono violentate,abbastanza_d_accordo,5.6
maschi,18-29,Le donne serie non vengono violentate,poco_d_accordo,15.6
maschi,18-29,Le donne serie non vengono violentate,per_niente_d_accordo,72.0
maschi,18-29,Le donne serie non vengono violentate,non_risponde,6.0
maschi,18-29,"Se un marito/compagno obbliga la moglie/compagna ad avere un rapporto sessuale contro la sua volontà, non è una violenza",molto_d_accordo,0.6
maschi,18-29,"Se un marito/compagno obbliga la moglie/compagna ad avere un rapporto sessuale contro la sua volontà, non è una violenza",abbastanza_d_accordo,1.1
maschi,18-29,"Se un marito/compagno obbliga la moglie/compagna ad avere un rapporto sessuale contro la sua volontà, non è una violenza",poco_d_accordo,7.1
maschi,18-29,"Se un marito/compagno obbliga la moglie/compagna ad avere un rapporto sessuale contro la sua volontà, non è una violenza",per_niente_d_accordo,85.6
maschi,18-29,"Se un marito/compagno obbliga la moglie/compagna ad avere un rapporto sessuale contro la sua volontà, non è una violenza",non_risponde,5.6
maschi,18-29,Di fronte a una proposta sessuale le donne spesso dicono no ma in realtà intendono sì,molto_d_accordo,1.0
maschi,18-29,Di fronte a una proposta sessuale le donne spesso dicono no ma in realtà intendono sì,abbastanza_d_accordo,7.8
maschi,18-29,Di fronte a una proposta sessuale le donne spesso dicono no ma in realtà intendono sì,poco_d_accordo,18.1
maschi,18-29,Di fronte a una proposta sessuale le donne spesso dicono no ma in realtà intendono sì,per_niente_d_accordo,61.6
maschi,18-29,Di fronte a una proposta sessuale le donne spesso dicono no ma in realtà intendono sì,non_risponde,11.5
maschi,18-29,Se una donna subisce una violenza sessuale quando è ubriaca o è sotto l’effetto di droghe è almeno in parte responsabile,molto_d_accordo,2.7
maschi,18-29,Se una donna subisce una violenza sessuale quando è ubriaca o è sotto l’effetto di droghe è almeno in parte responsabile,abbastanza_d_accordo,13.0
maschi,18-29,Se una donna subisce una violenza sessuale quando è ubriaca o è sotto l’effetto di droghe è almeno in parte responsabile,poco_d_accordo,15.6
maschi,18-29,Se una donna subisce una violenza sessuale quando è ubriaca o è sotto l’effetto di droghe è almeno in parte responsabile,per_niente_d_accordo,62.8
maschi,18-29,Se una donna subisce una violenza sessuale quando è ubriaca o è sotto l’effetto di droghe è almeno in parte responsabile,non_risponde,5.9
maschi,18-29,Spesso le accuse di violenza sessuale sono false,molto_d_accordo,1.4
maschi,18-29,Spesso le accuse di violenza sessuale sono false,abbastanza_d_accordo,11.0
maschi,18-29,Spesso le accuse di violenza sessuale sono false,poco_d_accordo,36.0
maschi,18-29,Spesso le accuse di violenza sessuale sono false,per_niente_d_accordo,41.1
maschi,18-29,Spesso le accuse di violenza sessuale sono false,non_risponde,10.6
maschi,30-44,Le donne possono provocare la violenza sessuale con il loro modo di vestire,molto_d_accordo,6.3
maschi,30-44,Le donne possono provocare la violenza sessuale con il loro modo di vestire,abbastanza_d_accordo,15.9
maschi,30-44,Le donne possono provocare la violenza sessuale con il loro modo di vestire,poco_d_accordo,23.6
maschi,30-44,Le donne possono provocare la violenza sessuale con il loro modo di vestire,per_niente_d_accordo,51.2
maschi,30-44,Le donne possono provocare la violenza sessuale con il loro modo di vestire,non_risponde,3.1
maschi,30-44,Le donne che non vogliono un rapporto sessuale riescono ad evitarlo,molto_d_accordo,13.0
maschi,30-44,Le donne che non vogliono un rapporto sessuale riescono ad evitarlo,abbastanza_d_accordo,29.1
maschi,30-44,Le donne che non vogliono un rapporto sessuale riescono ad evitarlo,poco_d_accordo,24.9
maschi,30-44,Le donne che non vogliono un rapporto sessuale riescono ad evitarlo,per_niente_d_accordo,28.1
maschi,30-44,Le donne che non vogliono un rapporto sessuale riescono ad evitarlo,non_risponde,4.9
maschi,30-44,Le donne serie non vengono violentate,molto_d_accordo,1.9
maschi,30-44,Le donne serie non vengono violentate,abbastanza_d_accordo,3.1
maschi,30-44,Le donne serie non vengono violentate,poco_d_accordo,10.2
maschi,30-44,Le donne serie non vengono violentate,per_niente_d_accordo,81.3
maschi,30-44,Le donne serie non vengono violentate,non_risponde,3.4
maschi,30-44,"Se un marito/compagno obbliga la moglie/compagna ad avere un rapporto sessuale contro la sua volontà, non è una violenza",molto_d_accordo,0.7
maschi,30-44,"Se un marito/compagno obbliga la moglie/compagna ad avere un rapporto sessuale contro la sua volontà, non è una violenza",abbastanza_d_accordo,1.0
maschi,30-44,"Se un marito/compagno obbliga la moglie/compagna ad avere un rapporto sessuale contro la sua volontà, non è una violenza",poco_d_accordo,5.4
maschi,30-44,"Se un marito/compagno obbliga la moglie/compagna ad avere un rapporto sessuale contro la sua volontà, non è una violenza",per_niente_d_accordo,89.6
maschi,30-44,"Se un marito/compagno obbliga la moglie/compagna ad avere un rapporto sessuale contro la sua volontà, non è una violenza",non_risponde,3.4
maschi,30-44,Di fronte a una proposta sessuale le donne spesso dicono no ma in realtà intendono sì,molto_d_accordo,1.8
maschi,30-44,Di fronte a una proposta sessuale le donne spesso dicono no ma in realtà intendono sì,abbastanza_d_accordo,6.4
maschi,30-44,Di fronte a una proposta sessuale le donne spesso dicono no ma in realtà intendono sì,poco_d_accordo,15.5
maschi,30-44,Di fronte a una proposta sessuale le donne spesso dicono no ma in realtà intendono sì,per_niente_d_accordo,66.0
maschi,30-44,Di fronte a una proposta sessuale le donne spesso dicono no ma in realtà intendono sì,non_risponde,10.3
maschi,30-44,Se una donna subisce una violenza sessuale quando è ubriaca o è sotto l’effetto di droghe è almeno in parte responsabile,molto_d_accordo,4.4
maschi,30-44,Se una donna subisce una violenza sessuale quando è ubriaca o è sotto l’effetto di droghe è almeno in parte responsabile,abbastanza_d_accordo,12.2
maschi,30-44,Se una donna subisce una violenza sessuale quando è ubriaca o è sotto l’effetto di droghe è almeno in parte responsabile,poco_d_accordo,13.0
maschi,30-44,Se una donna subisce una violenza sessuale quando è ubriaca o è sotto l’effetto di droghe è almeno in parte responsabile,per_niente_d_accordo,65.9
maschi,30-44,Se una donna subisce una violenza sessuale quando è ubriaca o è sotto l’effetto di droghe è almeno in parte responsabile,non_risponde,4.5
maschi,30-44,Spesso le accuse di violenza sessuale sono false,molto_d_accordo,2.7
maschi,30-44,Spesso le accuse di violenza sessuale sono false,abbastanza_d_accordo,10.5
maschi,30-44,Spesso le accuse di violenza sessuale sono false,poco_d_accordo,32.9
maschi,30-44,Spesso le accuse di violenza sessuale sono false,per_niente_d_accordo,43.2
maschi,30-44,Spesso le accuse di violenza sessuale sono false,non_risponde,10.8
maschi,45-59,Le donne possono provocare la violenza sessuale con il loro modo di vestire,molto_d_accordo,7.2
maschi,45-59,Le donne possono provocare la violenza sessuale con il loro modo di vestire,abbastanza_d_accordo,16.9
maschi,45-59,Le donne possono provocare la violenza sessuale con il loro modo di vestire,poco_d_accordo,23.3
maschi,45-59,Le donne possono provocare la violenza sessuale con il loro modo di vestire,per_niente_d_accordo,48.6
maschi,45-59,Le donne possono provocare la violenza sessuale con il loro modo di vestire,non_risponde,4.0
maschi,45-59,Le donne che non vogliono un rapporto sessuale riescono ad evitarlo,molto_d_accordo,14.3
maschi,45-59,Le donne che non vogliono un rapporto sessuale riescono ad evitarlo,abbastanza_d_accordo,26.5
maschi,45-59,Le donne che non vogliono un rapporto sessuale riescono ad evitarlo,poco_d_accordo,23.3
maschi,45-59,Le donne che non vogliono un rapporto sessuale riescono ad evitarlo,per_niente_d_accordo,28.7
maschi,45-59,Le donne che non vogliono un rapporto sessuale riescono ad evitarlo,non_risponde,7.3
maschi,45-59,Le donne serie non vengono violentate,molto_d_accordo,2.8
maschi,45-59,Le donne serie non vengono violentate,abbastanza_d_accordo,4.2
maschi,45-59,Le donne serie non vengono violentate,poco_d_accordo,8.3
maschi,45-59,Le donne serie non vengono violentate,per_niente_d_accordo,79.4
maschi,45-59,Le donne serie non vengono violentate,non_risponde,5.3
maschi,45-59,"Se un marito/compagno obbliga la moglie/compagna ad avere un rapporto sessuale contro la sua volontà, non è una violenza",molto_d_accordo,0.6
maschi,45-59,"Se un marito/compagno obbliga la moglie/compagna ad avere un rapporto sessuale contro la sua volontà, non è una violenza",abbastanza_d_accordo,0.7
maschi,45-59,"Se un marito/compagno obbliga la moglie/compagna ad avere un rapporto sessuale contro la sua volontà, non è una violenza",poco_d_accordo,4.7
maschi,45-59,"Se un marito/compagno obbliga la moglie/compagna ad avere un rapporto sessuale contro la sua volontà, non è una violenza",per_niente_d_accordo,89.8
maschi,45-59,"Se un marito/compagno obbliga la moglie/compagna ad avere un rapporto sessuale contro la sua volontà, non è una violenza",non_risponde,4.1
maschi,45-59,Di fronte a una proposta sessuale le donne spesso dicono no ma in realtà intendono sì,molto_d_accordo,1.4
maschi,45-59,Di fronte a una proposta sessuale le donne spesso dicono no ma in realtà intendono sì,abbastanza_d_accordo,6.5
maschi,45-59,Di fronte a una proposta sessuale le donne spesso dicono no ma in realtà intendono sì,poco_d_accordo,13.0
maschi,45-59,Di fronte a una proposta sessuale le donne spesso dicono no ma in realtà intendono sì,per_niente_d_accordo,66.8
maschi,45-59,Di fronte a una proposta sessuale le donne spesso dicono no ma in realtà intendono sì,non_risponde,12.3
maschi,45-59,Se una donna subisce una violenza sessuale quando è ubriaca o è sotto l’effetto di droghe è almeno in parte responsabile,molto_d_accordo,2.8
maschi,45-59,Se una donna subisce una violenza sessuale quando è ubriaca o è sotto l’effetto di droghe è almeno in parte responsabile,abbastanza_d_accordo,10.0
maschi,45-59,Se una donna subisce una violenza sessuale quando è ubriaca o è sotto l’effetto di droghe è almeno in parte responsabile,poco_d_accordo,10.9
maschi,45-59,Se una donna subisce una violenza sessuale quando è ubriaca o è sotto l’effetto di droghe è almeno in parte responsabile,per_niente_d_accordo,70.9
maschi,45-59,Se una donna subisce una violenza sessuale quando è ubriaca o è sotto l’effetto di droghe è almeno in parte responsabile,non_risponde,5.4
maschi,45-59,Spesso le accuse di violenza sessuale sono false,molto_d_accordo,1.4
maschi,45-59,Spesso le accuse di violenza sessuale sono false,abbastanza_d_accordo,9.6
maschi,45-59,Spesso le accuse di violenza sessuale sono false,poco_d_accordo,32.5
maschi,45-59,Spesso le accuse di violenza sessuale sono false,per_niente_d_accordo,44.8
maschi,45-59,Spesso le accuse di violenza sessuale sono false,non_risponde,11.6
maschi,60-74,Le donne possono provocare la violenza sessuale con il loro modo di vestire,molto_d_accordo,9.1
maschi,60-74,Le donne possono provocare la violenza sessuale con il loro modo di vestire,abbastanza_d_accordo,22.8
maschi,60-74,Le donne possono provocare la violenza sessuale con il loro modo di vestire,poco_d_accordo,21.6
maschi,60-74,Le donne possono provocare la violenza sessuale con il loro modo di vestire,per_niente_d_accordo,36.7
maschi,60-74,Le donne possono provocare la violenza sessuale con il loro modo di vestire,non_risponde,9.7
maschi,60-74,Le donne che non vogliono un rapporto sessuale riescono ad evitarlo,molto_d_accordo,14.2
maschi,60-74,Le donne che non vogliono un rapporto sessuale riescono ad evitarlo,abbastanza_d_accordo,29.7
maschi,60-74,Le donne che non vogliono un rapporto sessuale riescono ad evitarlo,poco_d_accordo,20.5
maschi,60-74,Le donne che non vogliono un rapporto sessuale riescono ad evitarlo,per_niente_d_accordo,21.8
maschi,60-74,Le donne che non vogliono un rapporto sessuale riescono ad evitarlo,non_risponde,13.8
maschi,60-74,Le donne serie non vengono violentate,molto_d_accordo,3.9
maschi,60-74,Le donne serie non vengono violentate,abbastanza_d_accordo,6.4
maschi,60-74,Le donne serie non vengono violentate,poco_d_accordo,8.5
maschi,60-74,Le donne serie non vengono violentate,per_niente_d_accordo,70.4
maschi,60-74,Le donne serie non vengono violentate,non_risponde,10.8
maschi,60-74,"Se un marito/compagno obbliga la moglie/compagna ad avere un rapporto sessuale contro la sua volontà, non è una violenza",molto_d_accordo,1.4
maschi,60-74,"Se un marito/compagno obbliga la moglie/compagna ad avere un rapporto sessuale contro la sua volontà, non è una violenza",abbastanza_d_accordo,1.8
maschi,60-74,"Se un marito/compagno obbliga la moglie/compagna ad avere un rapporto sessuale contro la sua volontà, non è una violenza",poco_d_accordo,4.2
maschi,60-74,"Se un marito/compagno obbliga la moglie/compagna ad avere un rapporto sessuale contro la sua volontà, non è una violenza",per_niente_d_accordo,82.1
maschi,60-74,"Se un marito/compagno obbliga la moglie/compagna ad avere un rapporto sessuale contro la sua volontà, non è una violenza",non_risponde,10.5
maschi,60-74,Di fronte a una proposta sessuale le donne spesso dicono no ma in realtà intendono sì,molto_d_accordo,2.5
maschi,60-74,Di fronte a una proposta sessuale le donne spesso dicono no ma in realtà intendono sì,abbastanza_d_accordo,9.6
maschi,60-74,Di fronte a una proposta sessuale le donne spesso dicono no ma in realtà intendono sì,poco_d_accordo,16.6
maschi,60-74,Di fronte a una proposta sessuale le donne spesso dicono no ma in realtà intendono sì,per_niente_d_accordo,52.0
maschi,60-74,Di fronte a una proposta sessuale le donne spesso dicono no ma in realtà intendono sì,non_risponde,19.4
maschi,60-74,Se una donna subisce una violenza sessuale quando è ubriaca o è sotto l’effetto di droghe è almeno in parte responsabile,molto_d_accordo,5.2
maschi,60-74,Se una donna subisce una violenza sessuale quando è ubriaca o è sotto l’effetto di droghe è almeno in parte responsabile,abbastanza_d_accordo,13.7
maschi,60-74,Se una donna subisce una violenza sessuale quando è ubriaca o è sotto l’effetto di droghe è almeno in parte responsabile,poco_d_accordo,12.7
maschi,60-74,Se una donna subisce una violenza sessuale quando è ubriaca o è sotto l’effetto di droghe è almeno in parte responsabile,per_niente_d_accordo,57.4
maschi,60-74,Se una donna subisce una violenza sessuale quando è ubriaca o è sotto l’effetto di droghe è almeno in parte responsabile,non_risponde,10.9
maschi,60-74,Spesso le accuse di violenza sessuale sono false,molto_d_accordo,2.5
maschi,60-74,Spesso le accuse di violenza sessuale sono false,abbastanza_d_accordo,12.2
maschi,60-74,Spesso le accuse di violenza sessuale sono false,poco_d_accordo,30.9
maschi,60-74,Spesso le accuse di violenza sessuale sono false,per_niente_d_accordo,37.7
maschi,60-74,Spesso le accuse di violenza sessuale sono false,non_risponde,16.7
femmine,18-29,Le donne possono provocare la violenza sessuale con il loro modo di vestire,molto_d_accordo,5.4
femmine,18-29,Le donne possono provocare la violenza sessuale con il loro modo di vestire,abbastanza_d_accordo,10.4
femmine,18-29,Le donne possono provocare la violenza sessuale con il loro modo di vestire,poco_d_accordo,15.5
femmine,18-29,Le donne possono provocare la violenza sessuale con il loro modo di vestire,per_niente_d_accordo,65.3
femmine,18-29,Le donne possono provocare la violenza sessuale con il loro modo di vestire,non_risponde,3.3
femmine,18-29,Le donne che non vogliono un rapporto sessuale riescono ad evitarlo,molto_d_accordo,11.3
femmine,18-29,Le donne che non vogliono un rapporto sessuale riescono ad evitarlo,abbastanza_d_accordo,21.1
femmine,18-29,Le donne che non vogliono un rapporto sessuale riescono ad evitarlo,poco_d_accordo,29.7
femmine,18-29,Le donne che non vogliono un rapporto sessuale riescono ad evitarlo,per_niente_d_accordo,32.3
femmine,18-29,Le donne che non vogliono un rapporto sessuale riescono ad evitarlo,non_risponde,5.5
femmine,18-29,Le donne serie non vengono violentate,molto_d_accordo,1.0
femmine,18-29,Le donne serie non vengono violentate,abbastanza_d_accordo,2.1
femmine,18-29,Le donne serie non vengono violentate,poco_d_accordo,9.6
femmine,18-29,Le donne serie non vengono violentate,per_niente_d_accordo,83.9
femmine,18-29,Le donne serie non vengono violentate,non_risponde,3.4
femmine,18-29,"Se un marito/compagno obbliga la moglie/compagna ad avere un rapporto sessuale contro la sua volontà, non è una violenza",molto_d_accordo,0.0
femmine,18-29,"Se un marito/compagno obbliga la moglie/compagna ad avere un rapporto sessuale contro la sua volontà, non è una violenza",abbastanza_d_accordo,0.7
femmine,18-29,"Se un marito/compagno obbliga la moglie/compagna ad avere un rapporto sessuale contro la sua volontà, non è una violenza",poco_d_accordo,4.6
femmine,18-29,"Se un marito/compagno obbliga la moglie/compagna ad avere un rapporto sessuale contro la sua volontà, non è una violenza",per_niente_d_accordo,91.5
femmine,18-29,"Se un marito/compagno obbliga la moglie/compagna ad avere un rapporto sessuale contro la sua volontà, non è una violenza",non_risponde,3.3
femmine,18-29,Di fronte a una proposta sessuale le donne spesso dicono no ma in realtà intendono sì,molto_d_accordo,0.8
femmine,18-29,Di fronte a una proposta sessuale le donne spesso dicono no ma in realtà intendono sì,abbastanza_d_accordo,2.8
femmine,18-29,Di fronte a una proposta sessuale le donne spesso dicono no ma in realtà intendono sì,poco_d_accordo,13.2
femmine,18-29,Di fronte a una proposta sessuale le donne spesso dicono no ma in realtà intendono sì,per_niente_d_accordo,79.2
femmine,18-29,Di fronte a una proposta sessuale le donne spesso dicono no ma in realtà intendono sì,non_risponde,4.1
femmine,18-29,Se una donna subisce una violenza sessuale quando è ubriaca o è sotto l’effetto di droghe è almeno in parte responsabile,molto_d_accordo,2.7
femmine,18-29,Se una donna subisce una violenza sessuale quando è ubriaca o è sotto l’effetto di droghe è almeno in parte responsabile,abbastanza_d_accordo,9.7
femmine,18-29,Se una donna subisce una violenza sessuale quando è ubriaca o è sotto l’effetto di droghe è almeno in parte responsabile,poco_d_accordo,14.1
femmine,18-29,Se una donna subisce una violenza sessuale quando è ubriaca o è sotto l’effetto di droghe è almeno in parte responsabile,per_niente_d_accordo,70.4
femmine,18-29,Se una donna subisce una violenza sessuale quando è ubriaca o è sotto l’effetto di droghe è almeno in parte responsabile,non_risponde,3.1
femmine,18-29,Spesso le accuse di violenza sessuale sono false,molto_d_accordo,0.2
femmine,18-29,Spesso le accuse di violenza sessuale sono false,abbastanza_d_accordo,4.8
femmine,18-29,Spesso le accuse di violenza sessuale sono false,poco_d_accordo,31.4
femmine,18-29,Spesso le accuse di violenza sessuale sono false,per_niente_d_accordo,56.8
femmine,18-29,Spesso le accuse di violenza sessuale sono false,non_risponde,6.7
femmine,30-44,Le donne possono provocare la violenza sessuale con il loro modo di vestire,molto_d_accordo,6.1
femmine,30-44,Le donne possono provocare la violenza sessuale con il loro modo di vestire,abbastanza_d_accordo,15.3
femmine,30-44,Le donne possono provocare la violenza sessuale con il loro modo di vestire,poco_d_accordo,16.7
femmine,30-44,Le donne possono provocare la violenza sessuale con il loro modo di vestire,per_niente_d_accordo,59.7
femmine,30-44,Le donne possono provocare la violenza sessuale con il loro modo di vestire,non_risponde,2.3
femmine,30-44,Le donne che non vogliono un rapporto sessuale riescono ad evitarlo,molto_d_accordo,11.1
femmine,30-44,Le donne che non vogliono un rapporto sessuale riescono ad evitarlo,abbastanza_d_accordo,26.0
femmine,30-44,Le donne che non vogliono un rapporto sessuale riescono ad evitarlo,poco_d_accordo,25.3
femmine,30-44,Le donne che non vogliono un rapporto sessuale riescono ad evitarlo,per_niente_d_accordo,33.3
femmine,30-44,Le donne che non vogliono un rapporto sessuale riescono ad evitarlo,non_risponde,4.4
femmine,30-44,Le donne serie non vengono violentate,molto_d_accordo,0.7
femmine,30-44,Le donne serie non vengono violentate,abbastanza_d_accordo,2.5
femmine,30-44,Le donne serie non vengono violentate,poco_d_accordo,5.8
femmine,30-44,Le donne serie non vengono violentate,per_niente_d_accordo,88.4
femmine,30-44,Le donne serie non vengono violentate,non_risponde,2.6
femmine,30-44,"Se un marito/compagno obbliga la moglie/compagna ad avere un rapporto sessuale contro la sua volontà, non è una violenza",molto_d_accordo,0.6
femmine,30-44,"Se un marito/compagno obbliga la moglie/compagna ad avere un rapporto sessuale contro la sua volontà, non è una violenza",abbastanza_d_accordo,0.7
femmine,30-44,"Se un marito/compagno obbliga la moglie/compagna ad avere un rapporto sessuale contro la sua volontà, non è una violenza",poco_d_accordo,4.5
femmine,30-44,"Se un marito/compagno obbliga la moglie/compagna ad avere un rapporto sessuale contro la sua volontà, non è una violenza",per_niente_d_accordo,91.5
femmine,30-44,"Se un marito/compagno obbliga la moglie/compagna ad avere un rapporto sessuale contro la sua volontà, non è una violenza",non_risponde,2.7
femmine,30-44,Di fronte a una proposta sessuale le donne spesso dicono no ma in realtà intendono sì,molto_d_accordo,0.8
femmine,30-44,Di fronte a una proposta sessuale le donne spesso dicono no ma in realtà intendono sì,abbastanza_d_accordo,4.0
femmine,30-44,Di fronte a una proposta sessuale le donne spesso dicono no ma in realtà intendono sì,poco_d_accordo,11.1
femmine,30-44,Di fronte a una proposta sessuale le donne spesso dicono no ma in realtà intendono sì,per_niente_d_accordo,78.5
femmine,30-44,Di fronte a una proposta sessuale le donne spesso dicono no ma in realtà intendono sì,non_risponde,5.6
femmine,30-44,Se una donna subisce una violenza sessuale quando è ubriaca o è sotto l’effetto di droghe è almeno in parte responsabile,molto_d_accordo,3.1
femmine,30-44,Se una donna subisce una violenza sessuale quando è ubriaca o è sotto l’effetto di droghe è almeno in parte responsabile,abbastanza_d_accordo,10.3
femmine,30-44,Se una donna subisce una violenza sessuale quando è ubriaca o è sotto l’effetto di droghe è almeno in parte responsabile,poco_d_accordo,12.8
femmine,30-44,Se una donna subisce una violenza sessuale quando è ubriaca o è sotto l’effetto di droghe è almeno in parte responsabile,per_niente_d_accordo,70.4
femmine,30-44,Se una donna subisce una violenza sessuale quando è ubriaca o è sotto l’effetto di droghe è almeno in parte responsabile,non_risponde,3.4
femmine,30-44,Spesso le accuse di violenza sessuale sono false,molto_d_accordo,1.0
femmine,30-44,Spesso le accuse di violenza sessuale sono false,abbastanza_d_accordo,6.2
femmine,30-44,Spesso le accuse di violenza sessuale sono false,poco_d_accordo,30.2
femmine,30-44,Spesso le accuse di violenza sessuale sono false,per_niente_d_accordo,56.8
femmine,30-44,Spesso le accuse di violenza sessuale sono false,non_risponde,5.7
femmine,45-59,Le donne possono provocare la violenza sessuale con il loro modo di vestire,molto_d_accordo,7.3
femmine,45-59,Le donne possono provocare la violenza sessuale con il loro modo di vestire,abbastanza_d_accordo,16.0
femmine,45-59,Le donne possono provocare la violenza sessuale con il loro modo di vestire,poco_d_accordo,20.8
femmine,45-59,Le donne possono provocare la violenza sessuale con il loro modo di vestire,per_niente_d_accordo,51.5
femmine,45-59,Le donne possono provocare la violenza sessuale con il loro modo di vestire,non_risponde,4.3
femmine,45-59,Le donne che non vogliono un rapporto sessuale riescono ad evitarlo,molto_d_accordo,11.8
femmine,45-59,Le donne che non vogliono un rapporto sessuale riescono ad evitarlo,abbastanza_d_accordo,25.6
femmine,45-59,Le donne che non vogliono un rapporto sessuale riescono ad evitarlo,poco_d_accordo,24.7
femmine,45-59,Le donne che non vogliono un rapporto sessuale riescono ad evitarlo,per_niente_d_accordo,30.7
femmine,45-59,Le donne che non vogliono un rapporto sessuale riescono ad evitarlo,non_risponde,7.1
femmine,45-59,Le donne serie non vengono violentate,molto_d_accordo,1.8
femmine,45-59,Le donne serie non vengono violentate,abbastanza_d_accordo,3.1
femmine,45-59,Le donne serie non vengono violentate,poco_d_accordo,7.1
femmine,45-59,Le donne serie non vengono violentate,per_niente_d_accordo,83.0
femmine,45-59,Le donne serie non vengono violentate,non_risponde,5.0
femmine,45-59,"Se un marito/compagno obbliga la moglie/compagna ad avere un rapporto sessuale contro la sua volontà, non è una violenza",molto_d_accordo,0.5
femmine,45-59,"Se un marito/compagno obbliga la moglie/compagna ad avere un rapporto sessuale contro la sua volontà, non è una violenza",abbastanza_d_accordo,1.2
femmine,45-59,"Se un marito/compagno obbliga la moglie/compagna ad avere un rapporto sessuale contro la sua volontà, non è una violenza",poco_d_accordo,3.4
femmine,45-59,"Se un marito/compagno obbliga la moglie/compagna ad avere un rapporto sessuale contro la sua volontà, non è una violenza",per_niente_d_accordo,90.0
femmine,45-59,"Se un marito/compagno obbliga la moglie/compagna ad avere un rapporto sessuale contro la sua volontà, non è una violenza",non_risponde,4.8
femmine,45-59,Di fronte a una proposta sessuale le donne spesso dicono no ma in realtà intendono sì,molto_d_accordo,0.8
femmine,45-59,Di fronte a una proposta sessuale le donne spesso dicono no ma in realtà intendono sì,abbastanza_d_accordo,4.5
femmine,45-59,Di fronte a una proposta sessuale le donne spesso dicono no ma in realtà intendono sì,poco_d_accordo,11.5
femmine,45-59,Di fronte a una proposta sessuale le donne spesso dicono no ma in realtà intendono sì,per_niente_d_accordo,73.7
femmine,45-59,Di fronte a una proposta sessuale le donne spesso dicono no ma in realtà intendono sì,non_risponde,9.4
femmine,45-59,Se una donna subisce una violenza sessuale quando è ubriaca o è sotto l’effetto di droghe è almeno in parte responsabile,molto_d_accordo,3.0
femmine,45-59,Se una donna subisce una violenza sessuale quando è ubriaca o è sotto l’effetto di droghe è almeno in parte responsabile,abbastanza_d_accordo,9.9
femmine,45-59,Se una donna subisce una violenza sessuale quando è ubriaca o è sotto l’effetto di droghe è almeno in parte responsabile,poco_d_accordo,10.8
femmine,45-59,Se una donna subisce una violenza sessuale quando è ubriaca o è sotto l’effetto di droghe è almeno in parte responsabile,per_niente_d_accordo,70.3
femmine,45-59,Se una donna subisce una violenza sessuale quando è ubriaca o è sotto l’effetto di droghe è almeno in parte responsabile,non_risponde,6.0
femmine,45-59,Spesso le accuse di violenza sessuale sono false,molto_d_accordo,1.0
femmine,45-59,Spesso le accuse di violenza sessuale sono false,abbastanza_d_accordo,6.8
femmine,45-59,Spesso le accuse di violenza sessuale sono false,poco_d_accordo,28.5
femmine,45-59,Spesso le accuse di violenza sessuale sono false,per_niente_d_accordo,54.4
femmine,45-59,Spesso le accuse di violenza sessuale sono false,non_risponde,9.3
femmine,60-74,Le donne possono provocare la violenza sessuale con il loro modo di vestire,molto_d_accordo,7.9
femmine,60-74,Le donne possono provocare la violenza sessuale con il loro modo di vestire,abbastanza_d_accordo,24.9
femmine,60-74,Le donne possono provocare la violenza sessuale con il loro modo di vestire,poco_d_accordo,22.4
femmine,60-74,Le donne possono provocare la violenza sessuale con il loro modo di vestire,per_niente_d_accordo,36.5
femmine,60-74,Le donne possono provocare la violenza sessuale con il loro modo di vestire,non_risponde,8.3
femmine,60-74,Le donne che non vogliono un rapporto sessuale riescono ad evitarlo,molto_d_accordo,11.3
femmine,60-74,Le donne che non vogliono un rapporto sessuale riescono ad evitarlo,abbastanza_d_accordo,26.7
femmine,60-74,Le donne che non vogliono un rapporto sessuale riescono ad evitarlo,poco_d_accordo,23.8
femmine,60-74,Le donne che non vogliono un rapporto sessuale riescono ad evitarlo,per_niente_d_accordo,24.4
femmine,60-74,Le donne che non vogliono un rapporto sessuale riescono ad evitarlo,non_risponde,13.8
femmine,60-74,Le donne serie non vengono violentate,molto_d_accordo,3.7
femmine,60-74,Le donne serie non vengono violentate,abbastanza_d_accordo,5.4
femmine,60-74,Le donne serie non vengono violentate,poco_d_accordo,6.1
femmine,60-74,Le donne serie non vengono violentate,per_niente_d_accordo,76.1
femmine,60-74,Le donne serie non vengono violentate,non_risponde,8.7
femmine,60-74,"Se un marito/compagno obbliga la moglie/compagna ad avere un rapporto sessuale contro la sua volontà, non è una violenza",molto_d_accordo,1.1
femmine,60-74,"Se un marito/compagno obbliga la moglie/compagna ad avere un rapporto sessuale contro la sua volontà, non è una violenza",abbastanza_d_accordo,2.2
femmine,60-74,"Se un marito/compagno obbliga la moglie/compagna ad avere un rapporto sessuale contro la sua volontà, non è una violenza",poco_d_accordo,4.6
femmine,60-74,"Se un marito/compagno obbliga la moglie/compagna ad avere un rapporto sessuale contro la sua volontà, non è una violenza",per_niente_d_accordo,83.5
femmine,60-74,"Se un marito/compagno obbliga la moglie/compagna ad avere un rapporto sessuale contro la sua volontà, non è una violenza",non_risponde,8.7
femmine,60-74,Di fronte a una proposta sessuale le donne spesso dicono no ma in realtà intendono sì,molto_d_accordo,1.8
femmine,60-74,Di fronte a una proposta sessuale le donne spesso dicono no ma in realtà intendono sì,abbastanza_d_accordo,5.5
femmine,60-74,Di fronte a una proposta sessuale le donne spesso dicono no ma in realtà intendono sì,poco_d_accordo,12.0
femmine,60-74,Di fronte a una proposta sessuale le donne spesso dicono no ma in realtà intendono sì,per_niente_d_accordo,59.7
femmine,60-74,Di fronte a una proposta sessuale le donne spesso dicono no ma in realtà intendono sì,non_risponde,21.0
femmine,60-74,Se una donna subisce una violenza sessuale quando è ubriaca o è sotto l’effetto di droghe è almeno in parte responsabile,molto_d_accordo,4.0
femmine,60-74,Se una donna subisce una violenza sessuale quando è ubriaca o è sotto l’effetto di droghe è almeno in parte responsabile,abbastanza_d_accordo,15.1
femmine,60-74,Se una donna subisce una violenza sessuale quando è ubriaca o è sotto l’effetto di droghe è almeno in parte responsabile,poco_d_accordo,12.8
femmine,60-74,Se una donna subisce una violenza sessuale quando è ubriaca o è sotto l’effetto di droghe è almeno in parte responsabile,per_niente_d_accordo,56.6
femmine,60-74,Se una donna subisce una violenza sessuale quando è ubriaca o è sotto l’effetto di droghe è almeno in parte responsabile,non_risponde,11.5
femmine,60-74,Spesso le accuse di violenza sessuale sono false,molto_d_accordo,1.3
femmine,60-74,Spesso le accuse di violenza sessuale sono false,abbastanza_d_accordo,9.2
femmine,60-74,Spesso le accuse di violenza sessuale sono false,poco_d_accordo,27.0
femmine,60-74,Spesso le accuse di violenza sessuale sono false,per_niente_d_accordo,45.3
femmine,60-74,Spesso le accuse di violenza sessuale sono false,non_risponde,17.2
