territorio,canale_segnalazione,sesso,orientamento_sessuale,periodo,numero_vittime
italia,Utenti del 1522,maschi,omosessuale,2015,24
italia,Utenti del 1522,maschi,omosessuale,2016,34
italia,Utenti del 1522,maschi,omosessuale,2017,56
italia,Utenti del 1522,maschi,omosessuale,2018,36
italia,Utenti del 1522,maschi,omosessuale,2019,45
italia,Utenti del 1522,maschi,omosessuale,2020,91
italia,Utenti del 1522,maschi,omosessuale,2021,92
italia,Utenti del 1522,maschi,omosessuale,2022,77
italia,Utenti del 1522,maschi,transessuale,2015,14
italia,Utenti del 1522,maschi,transessuale,2016,12
italia,Utenti del 1522,maschi,transessuale,2017,32
italia,Utenti del 1522,maschi,transessuale,2018,15
italia,Utenti del 1522,maschi,transessuale,2019,12
italia,Utenti del 1522,maschi,transessuale,2020,60
italia,Utenti del 1522,maschi,transessuale,2021,31
italia,Utenti del 1522,maschi,transessuale,2022,25
italia,Utenti del 1522,maschi,missing,2023,6154
italia,Utenti del 1522,maschi,missing,2024,8278
italia,Utenti del 1522,maschi,altro o non indicato,2015,2166
italia,Utenti del 1522,maschi,altro o non indicato,2016,1648
italia,Utenti del 1522,maschi,altro o non indicato,2017,2057
italia,Utenti del 1522,maschi,altro o non indicato,2018,2516
italia,Utenti del 1522,maschi,altro o non indicato,2019,2290
italia,Utenti del 1522,maschi,altro o non indicato,2020,3275
italia,Utenti del 1522,maschi,altro o non indicato,2021,3901
italia,Utenti del 1522,maschi,altro o non indicato,2022,3755
italia,Utenti del 1522,femmine,omosessuale,2015,13
italia,Utenti del 1522,femmine,omosessuale,2016,20
italia,Utenti del 1522,femmine,omosessuale,2017,20
italia,Utenti del 1522,femmine,omosessuale,2018,16
italia,Utenti del 1522,femmine,omosessuale,2019,28
italia,Utenti del 1522,femmine,omosessuale,2020,89
italia,Utenti del 1522,femmine,omosessuale,2021,81
italia,Utenti del 1522,femmine,omosessuale,2022,56
italia,Utenti del 1522,femmine,transessuale,2015,44
italia,Utenti del 1522,femmine,transessuale,2016,40
italia,Utenti del 1522,femmine,transessuale,2017,45
italia,Utenti del 1522,femmine,transessuale,2018,32
italia,Utenti del 1522,femmine,transessuale,2019,16
italia,Utenti del 1522,femmine,transessuale,2020,183
italia,Utenti del 1522,femmine,transessuale,2021,125
italia,Utenti del 1522,femmine,transessuale,2022,70
italia,Utenti del 1522,femmine,missing,2023,41235
italia,Utenti del 1522,femmine,missing,2024,52166
italia,Utenti del 1522,femmine,altro o non indicato,2015,17452
italia,Utenti del 1522,femmine,altro o non indicato,2016,15887
italia,Utenti del 1522,femmine,altro o non indicato,2017,15441
italia,Utenti del 1522,femmine,altro o non indicato,2018,20629
italia,Utenti del 1522,femmine,altro o non indicato,2019,18903
italia,Utenti del 1522,femmine,altro o non indicato,2020,28021
italia,Utenti del 1522,femmine,altro o non indicato,2021,31821
italia,Utenti del 1522,femmine,altro o non indicato,2022,28445
italia,Utenti del 1522,non indicato,missing,2023,4324
italia,Utenti del 1522,non indicato,missing,2024,4604
italia,Utenti del 1522,non indicato,altro o non indicato,2015,1
italia,Utenti del 1522,non indicato,altro o non indicato,2019,2
italia,Utenti del 1522,non indicato,altro o non indicato,2020,9
italia,Utenti del 1522,non indicato,altro o non indicato,2021,11
italia,Utenti del 1522,non indicato,altro o non indicato,2022,15
nord ovest,Utenti del 1522,maschi,omosessuale,2015,2
nord ovest,Utenti del 1522,maschi,omosessuale,2016,10
nord ovest,Utenti del 1522,maschi,omosessuale,2017,12
nord ovest,Utenti del 1522,maschi,omosessuale,2018,9
nord ovest,Utenti del 1522,maschi,omosessuale,2019,14
nord ovest,Utenti del 1522,maschi,omosessuale,2020,17
nord ovest,Utenti del 1522,maschi,omosessuale,2021,20
nord ovest,Utenti del 1522,maschi,omosessuale,2022,13
nord ovest,Utenti del 1522,maschi,transessuale,2016,5
nord ovest,Utenti del 1522,maschi,transessuale,2017,5
nord ovest,Utenti del 1522,maschi,transessuale,2018,5
nord ovest,Utenti del 1522,maschi,transessuale,2020,12
nord ovest,Utenti del 1522,maschi,transessuale,2021,3
nord ovest,Utenti del 1522,maschi,transessuale,2022,2
nord ovest,Utenti del 1522,maschi,missing,2023,931
nord ovest,Utenti del 1522,maschi,missing,2024,1141
nord ovest,Utenti del 1522,maschi,altro o non indicato,2015,431
nord ovest,Utenti del 1522,maschi,altro o non indicato,2016,406
nord ovest,Utenti del 1522,maschi,altro o non indicato,2017,456
nord ovest,Utenti del 1522,maschi,altro o non indicato,2018,479
nord ovest,Utenti del 1522,maschi,altro o non indicato,2019,484
nord ovest,Utenti del 1522,maschi,altro o non indicato,2020,621
nord ovest,Utenti del 1522,maschi,altro o non indicato,2021,556
nord ovest,Utenti del 1522,maschi,altro o non indicato,2022,609
nord ovest,Utenti del 1522,femmine,omosessuale,2015,2
nord ovest,Utenti del 1522,femmine,omosessuale,2016,5
nord ovest,Utenti del 1522,femmine,omosessuale,2017,6
nord ovest,Utenti del 1522,femmine,omosessuale,2018,3
nord ovest,Utenti del 1522,femmine,omosessuale,2019,4
nord ovest,Utenti del 1522,femmine,omosessuale,2020,13
nord ovest,Utenti del 1522,femmine,omosessuale,2021,11
nord ovest,Utenti del 1522,femmine,omosessuale,2022,10
nord ovest,Utenti del 1522,femmine,transessuale,2015,6
nord ovest,Utenti del 1522,femmine,transessuale,2016,16
nord ovest,Utenti del 1522,femmine,transessuale,2017,9
nord ovest,Utenti del 1522,femmine,transessuale,2018,6
nord ovest,Utenti del 1522,femmine,transessuale,2019,5
nord ovest,Utenti del 1522,femmine,transessuale,2020,32
nord ovest,Utenti del 1522,femmine,transessuale,2021,21
nord ovest,Utenti del 1522,femmine,transessuale,2022,11
nord ovest,Utenti del 1522,femmine,missing,2023,7692
nord ovest,Utenti del 1522,femmine,missing,2024,10475
nord ovest,Utenti del 1522,femmine,altro o non indicato,2015,4359
nord ovest,Utenti del 1522,femmine,altro o non indicato,2016,4188
nord ovest,Utenti del 1522,femmine,altro o non indicato,2017,3756
nord ovest,Utenti del 1522,femmine,altro o non indicato,2018,4789
nord ovest,Utenti del 1522,femmine,altro o non indicato,2019,4519
nord ovest,Utenti del 1522,femmine,altro o non indicato,2020,5935
nord ovest,Utenti del 1522,femmine,altro o non indicato,2021,5787
nord ovest,Utenti del 1522,femmine,altro o non indicato,2022,5446
nord ovest,Utenti del 1522,non indicato,missing,2023,42
nord ovest,Utenti del 1522,non indicato,missing,2024,42
piemonte,Utenti del 1522,maschi,omosessuale,2016,4
piemonte,Utenti del 1522,maschi,omosessuale,2017,4
piemonte,Utenti del 1522,maschi,omosessuale,2018,2
piemonte,Utenti del 1522,maschi,omosessuale,2019,2
piemonte,Utenti del 1522,maschi,omosessuale,2020,4
piemonte,Utenti del 1522,maschi,omosessuale,2021,5
piemonte,Utenti del 1522,maschi,omosessuale,2022,1
piemonte,Utenti del 1522,maschi,transessuale,2016,1
piemonte,Utenti del 1522,maschi,transessuale,2017,3
piemonte,Utenti del 1522,maschi,transessuale,2018,2
piemonte,Utenti del 1522,maschi,transessuale,2020,4
piemonte,Utenti del 1522,maschi,transessuale,2022,1
piemonte,Utenti del 1522,maschi,missing,2023,239
piemonte,Utenti del 1522,maschi,missing,2024,299
piemonte,Utenti del 1522,maschi,altro o non indicato,2015,149
piemonte,Utenti del 1522,maschi,altro o non indicato,2016,140
piemonte,Utenti del 1522,maschi,altro o non indicato,2017,172
piemonte,Utenti del 1522,maschi,altro o non indicato,2018,133
piemonte,Utenti del 1522,maschi,altro o non indicato,2019,148
piemonte,Utenti del 1522,maschi,altro o non indicato,2020,165
piemonte,Utenti del 1522,maschi,altro o non indicato,2021,160
piemonte,Utenti del 1522,maschi,altro o non indicato,2022,161
piemonte,Utenti del 1522,femmine,omosessuale,2017,3
piemonte,Utenti del 1522,femmine,omosessuale,2019,2
piemonte,Utenti del 1522,femmine,omosessuale,2020,5
piemonte,Utenti del 1522,femmine,omosessuale,2021,5
piemonte,Utenti del 1522,femmine,omosessuale,2022,2
piemonte,Utenti del 1522,femmine,transessuale,2015,1
piemonte,Utenti del 1522,femmine,transessuale,2016,4
piemonte,Utenti del 1522,femmine,transessuale,2017,1
piemonte,Utenti del 1522,femmine,transessuale,2018,1
piemonte,Utenti del 1522,femmine,transessuale,2019,1
piemonte,Utenti del 1522,femmine,transessuale,2020,4
piemonte,Utenti del 1522,femmine,transessuale,2021,8
piemonte,Utenti del 1522,femmine,transessuale,2022,4
piemonte,Utenti del 1522,femmine,missing,2023,2156
piemonte,Utenti del 1522,femmine,missing,2024,2734
piemonte,Utenti del 1522,femmine,altro o non indicato,2015,1364
piemonte,Utenti del 1522,femmine,altro o non indicato,2016,1315
piemonte,Utenti del 1522,femmine,altro o non indicato,2017,1104
piemonte,Utenti del 1522,femmine,altro o non indicato,2018,1417
piemonte,Utenti del 1522,femmine,altro o non indicato,2019,1344
piemonte,Utenti del 1522,femmine,altro o non indicato,2020,1690
piemonte,Utenti del 1522,femmine,altro o non indicato,2021,1602
piemonte,Utenti del 1522,femmine,altro o non indicato,2022,1499
piemonte,Utenti del 1522,non indicato,missing,2023,8
piemonte,Utenti del 1522,non indicato,missing,2024,11
liguria,Utenti del 1522,maschi,omosessuale,2016,2
liguria,Utenti del 1522,maschi,omosessuale,2019,1
liguria,Utenti del 1522,maschi,omosessuale,2020,3
liguria,Utenti del 1522,maschi,omosessuale,2021,3
liguria,Utenti del 1522,maschi,omosessuale,2022,1
liguria,Utenti del 1522,maschi,transessuale,2020,4
liguria,Utenti del 1522,maschi,transessuale,2021,1
liguria,Utenti del 1522,maschi,missing,2023,105
liguria,Utenti del 1522,maschi,missing,2024,103
liguria,Utenti del 1522,maschi,altro o non indicato,2015,47
liguria,Utenti del 1522,maschi,altro o non indicato,2016,29
liguria,Utenti del 1522,maschi,altro o non indicato,2017,29
liguria,Utenti del 1522,maschi,altro o non indicato,2018,44
liguria,Utenti del 1522,maschi,altro o non indicato,2019,38
liguria,Utenti del 1522,maschi,altro o non indicato,2020,58
liguria,Utenti del 1522,maschi,altro o non indicato,2021,42
liguria,Utenti del 1522,maschi,altro o non indicato,2022,53
liguria,Utenti del 1522,femmine,omosessuale,2016,1
liguria,Utenti del 1522,femmine,omosessuale,2017,2
liguria,Utenti del 1522,femmine,omosessuale,2018,1
liguria,Utenti del 1522,femmine,omosessuale,2020,1
liguria,Utenti del 1522,femmine,omosessuale,2021,1
liguria,Utenti del 1522,femmine,transessuale,2016,3
liguria,Utenti del 1522,femmine,transessuale,2017,2
liguria,Utenti del 1522,femmine,transessuale,2019,1
liguria,Utenti del 1522,femmine,transessuale,2020,6
liguria,Utenti del 1522,femmine,transessuale,2021,2
liguria,Utenti del 1522,femmine,transessuale,2022,1
liguria,Utenti del 1522,femmine,missing,2023,654
liguria,Utenti del 1522,femmine,missing,2024,874
liguria,Utenti del 1522,femmine,altro o non indicato,2015,501
liguria,Utenti del 1522,femmine,altro o non indicato,2016,463
liguria,Utenti del 1522,femmine,altro o non indicato,2017,363
liguria,Utenti del 1522,femmine,altro o non indicato,2018,482
liguria,Utenti del 1522,femmine,altro o non indicato,2019,453
liguria,Utenti del 1522,femmine,altro o non indicato,2020,541
liguria,Utenti del 1522,femmine,altro o non indicato,2021,587
liguria,Utenti del 1522,femmine,altro o non indicato,2022,525
liguria,Utenti del 1522,non indicato,missing,2023,3
liguria,Utenti del 1522,non indicato,missing,2024,4
lombardia,Utenti del 1522,maschi,omosessuale,2015,2
lombardia,Utenti del 1522,maschi,omosessuale,2016,4
lombardia,Utenti del 1522,maschi,omosessuale,2017,8
lombardia,Utenti del 1522,maschi,omosessuale,2018,7
lombardia,Utenti del 1522,maschi,omosessuale,2019,11
lombardia,Utenti del 1522,maschi,omosessuale,2020,10
lombardia,Utenti del 1522,maschi,omosessuale,2021,12
lombardia,Utenti del 1522,maschi,omosessuale,2022,11
lombardia,Utenti del 1522,maschi,transessuale,2016,4
lombardia,Utenti del 1522,maschi,transessuale,2017,2
lombardia,Utenti del 1522,maschi,transessuale,2018,3
lombardia,Utenti del 1522,maschi,transessuale,2020,4
lombardia,Utenti del 1522,maschi,transessuale,2021,2
lombardia,Utenti del 1522,maschi,transessuale,2022,1
lombardia,Utenti del 1522,maschi,missing,2023,577
lombardia,Utenti del 1522,maschi,missing,2024,733
lombardia,Utenti del 1522,maschi,altro o non indicato,2015,233
lombardia,Utenti del 1522,maschi,altro o non indicato,2016,236
lombardia,Utenti del 1522,maschi,altro o non indicato,2017,254
lombardia,Utenti del 1522,maschi,altro o non indicato,2018,299
lombardia,Utenti del 1522,maschi,altro o non indicato,2019,296
lombardia,Utenti del 1522,maschi,altro o non indicato,2020,394
lombardia,Utenti del 1522,maschi,altro o non indicato,2021,350
lombardia,Utenti del 1522,maschi,altro o non indicato,2022,391
lombardia,Utenti del 1522,femmine,omosessuale,2015,2
lombardia,Utenti del 1522,femmine,omosessuale,2016,4
lombardia,Utenti del 1522,femmine,omosessuale,2017,1
lombardia,Utenti del 1522,femmine,omosessuale,2018,2
lombardia,Utenti del 1522,femmine,omosessuale,2019,2
lombardia,Utenti del 1522,femmine,omosessuale,2020,7
lombardia,Utenti del 1522,femmine,omosessuale,2021,5
lombardia,Utenti del 1522,femmine,omosessuale,2022,8
lombardia,Utenti del 1522,femmine,transessuale,2015,5
lombardia,Utenti del 1522,femmine,transessuale,2016,9
lombardia,Utenti del 1522,femmine,transessuale,2017,6
lombardia,Utenti del 1522,femmine,transessuale,2018,5
lombardia,Utenti del 1522,femmine,transessuale,2019,3
lombardia,Utenti del 1522,femmine,transessuale,2020,22
lombardia,Utenti del 1522,femmine,transessuale,2021,11
lombardia,Utenti del 1522,femmine,transessuale,2022,6
lombardia,Utenti del 1522,femmine,missing,2023,4852
lombardia,Utenti del 1522,femmine,missing,2024,6807
lombardia,Utenti del 1522,femmine,altro o non indicato,2015,2477
lombardia,Utenti del 1522,femmine,altro o non indicato,2016,2393
lombardia,Utenti del 1522,femmine,altro o non indicato,2017,2273
lombardia,Utenti del 1522,femmine,altro o non indicato,2018,2871
lombardia,Utenti del 1522,femmine,altro o non indicato,2019,2709
lombardia,Utenti del 1522,femmine,altro o non indicato,2020,3679
lombardia,Utenti del 1522,femmine,altro o non indicato,2021,3585
lombardia,Utenti del 1522,femmine,altro o non indicato,2022,3400
lombardia,Utenti del 1522,non indicato,missing,2023,31
lombardia,Utenti del 1522,non indicato,missing,2024,27
nord est,Utenti del 1522,maschi,omosessuale,2015,1
nord est,Utenti del 1522,maschi,omosessuale,2016,5
nord est,Utenti del 1522,maschi,omosessuale,2017,9
nord est,Utenti del 1522,maschi,omosessuale,2018,3
nord est,Utenti del 1522,maschi,omosessuale,2019,2
nord est,Utenti del 1522,maschi,omosessuale,2020,13
nord est,Utenti del 1522,maschi,omosessuale,2021,8
nord est,Utenti del 1522,maschi,omosessuale,2022,7
nord est,Utenti del 1522,maschi,transessuale,2016,1
nord est,Utenti del 1522,maschi,transessuale,2017,4
nord est,Utenti del 1522,maschi,transessuale,2018,1
nord est,Utenti del 1522,maschi,transessuale,2019,1
nord est,Utenti del 1522,maschi,transessuale,2020,4
nord est,Utenti del 1522,maschi,transessuale,2021,4
nord est,Utenti del 1522,maschi,transessuale,2022,1
nord est,Utenti del 1522,maschi,missing,2023,682
nord est,Utenti del 1522,maschi,missing,2024,860
nord est,Utenti del 1522,maschi,altro o non indicato,2015,267
nord est,Utenti del 1522,maschi,altro o non indicato,2016,201
nord est,Utenti del 1522,maschi,altro o non indicato,2017,206
nord est,Utenti del 1522,maschi,altro o non indicato,2018,294
nord est,Utenti del 1522,maschi,altro o non indicato,2019,306
nord est,Utenti del 1522,maschi,altro o non indicato,2020,389
nord est,Utenti del 1522,maschi,altro o non indicato,2021,429
nord est,Utenti del 1522,maschi,altro o non indicato,2022,362
nord est,Utenti del 1522,femmine,omosessuale,2015,3
nord est,Utenti del 1522,femmine,omosessuale,2016,2
nord est,Utenti del 1522,femmine,omosessuale,2017,4
nord est,Utenti del 1522,femmine,omosessuale,2018,5
nord est,Utenti del 1522,femmine,omosessuale,2020,15
nord est,Utenti del 1522,femmine,omosessuale,2021,16
nord est,Utenti del 1522,femmine,omosessuale,2022,9
nord est,Utenti del 1522,femmine,transessuale,2015,6
nord est,Utenti del 1522,femmine,transessuale,2016,4
nord est,Utenti del 1522,femmine,transessuale,2017,7
nord est,Utenti del 1522,femmine,transessuale,2018,5
nord est,Utenti del 1522,femmine,transessuale,2019,1
nord est,Utenti del 1522,femmine,transessuale,2020,27
nord est,Utenti del 1522,femmine,transessuale,2021,20
nord est,Utenti del 1522,femmine,transessuale,2022,9
nord est,Utenti del 1522,femmine,missing,2023,5930
nord est,Utenti del 1522,femmine,missing,2024,7612
nord est,Utenti del 1522,femmine,altro o non indicato,2015,2296
nord est,Utenti del 1522,femmine,altro o non indicato,2016,1992
nord est,Utenti del 1522,femmine,altro o non indicato,2017,1846
nord est,Utenti del 1522,femmine,altro o non indicato,2018,2649
nord est,Utenti del 1522,femmine,altro o non indicato,2019,2775
nord est,Utenti del 1522,femmine,altro o non indicato,2020,3573
nord est,Utenti del 1522,femmine,altro o non indicato,2021,3934
nord est,Utenti del 1522,femmine,altro o non indicato,2022,3663
nord est,Utenti del 1522,non indicato,missing,2023,26
nord est,Utenti del 1522,non indicato,missing,2024,26
trentino alto adige,Utenti del 1522,maschi,omosessuale,2020,1
trentino alto adige,Utenti del 1522,maschi,omosessuale,2022,1
trentino alto adige,Utenti del 1522,maschi,transessuale,2020,2
trentino alto adige,Utenti del 1522,maschi,missing,2023,62
trentino alto adige,Utenti del 1522,maschi,missing,2024,47
trentino alto adige,Utenti del 1522,maschi,altro o non indicato,2015,25
trentino alto adige,Utenti del 1522,maschi,altro o non indicato,2016,14
trentino alto adige,Utenti del 1522,maschi,altro o non indicato,2017,12
trentino alto adige,Utenti del 1522,maschi,altro o non indicato,2018,10
trentino alto adige,Utenti del 1522,maschi,altro o non indicato,2019,9
trentino alto adige,Utenti del 1522,maschi,altro o non indicato,2020,36
trentino alto adige,Utenti del 1522,maschi,altro o non indicato,2021,31
trentino alto adige,Utenti del 1522,maschi,altro o non indicato,2022,27
trentino alto adige,Utenti del 1522,femmine,omosessuale,2020,1
trentino alto adige,Utenti del 1522,femmine,omosessuale,2022,1
trentino alto adige,Utenti del 1522,femmine,transessuale,2020,2
trentino alto adige,Utenti del 1522,femmine,missing,2023,307
trentino alto adige,Utenti del 1522,femmine,missing,2024,388
trentino alto adige,Utenti del 1522,femmine,altro o non indicato,2015,114
trentino alto adige,Utenti del 1522,femmine,altro o non indicato,2016,113
trentino alto adige,Utenti del 1522,femmine,altro o non indicato,2017,79
trentino alto adige,Utenti del 1522,femmine,altro o non indicato,2018,165
trentino alto adige,Utenti del 1522,femmine,altro o non indicato,2019,181
trentino alto adige,Utenti del 1522,femmine,altro o non indicato,2020,207
trentino alto adige,Utenti del 1522,femmine,altro o non indicato,2021,252
trentino alto adige,Utenti del 1522,femmine,altro o non indicato,2022,218
trentino alto adige,Utenti del 1522,non indicato,missing,2023,2
trentino alto adige,Utenti del 1522,non indicato,missing,2024,3
veneto,Utenti del 1522,maschi,omosessuale,2015,1
veneto,Utenti del 1522,maschi,omosessuale,2016,1
veneto,Utenti del 1522,maschi,omosessuale,2017,1
veneto,Utenti del 1522,maschi,omosessuale,2018,1
veneto,Utenti del 1522,maschi,omosessuale,2019,2
veneto,Utenti del 1522,maschi,omosessuale,2020,5
veneto,Utenti del 1522,maschi,omosessuale,2021,4
veneto,Utenti del 1522,maschi,omosessuale,2022,2
veneto,Utenti del 1522,maschi,transessuale,2017,1
veneto,Utenti del 1522,maschi,transessuale,2018,1
veneto,Utenti del 1522,maschi,transessuale,2019,1
veneto,Utenti del 1522,maschi,transessuale,2020,1
veneto,Utenti del 1522,maschi,transessuale,2021,1
veneto,Utenti del 1522,maschi,missing,2023,303
veneto,Utenti del 1522,maschi,missing,2024,382
veneto,Utenti del 1522,maschi,altro o non indicato,2015,118
veneto,Utenti del 1522,maschi,altro o non indicato,2016,91
veneto,Utenti del 1522,maschi,altro o non indicato,2017,92
veneto,Utenti del 1522,maschi,altro o non indicato,2018,147
veneto,Utenti del 1522,maschi,altro o non indicato,2019,150
veneto,Utenti del 1522,maschi,altro o non indicato,2020,186
veneto,Utenti del 1522,maschi,altro o non indicato,2021,209
veneto,Utenti del 1522,maschi,altro o non indicato,2022,177
veneto,Utenti del 1522,femmine,omosessuale,2015,1
veneto,Utenti del 1522,femmine,omosessuale,2018,1
veneto,Utenti del 1522,femmine,omosessuale,2020,6
veneto,Utenti del 1522,femmine,omosessuale,2021,7
veneto,Utenti del 1522,femmine,omosessuale,2022,4
veneto,Utenti del 1522,femmine,transessuale,2015,3
veneto,Utenti del 1522,femmine,transessuale,2016,2
veneto,Utenti del 1522,femmine,transessuale,2017,5
veneto,Utenti del 1522,femmine,transessuale,2018,2
veneto,Utenti del 1522,femmine,transessuale,2019,1
veneto,Utenti del 1522,femmine,transessuale,2020,12
veneto,Utenti del 1522,femmine,transessuale,2021,9
veneto,Utenti del 1522,femmine,transessuale,2022,4
veneto,Utenti del 1522,femmine,missing,2023,2361
veneto,Utenti del 1522,femmine,missing,2024,3289
veneto,Utenti del 1522,femmine,altro o non indicato,2015,1082
veneto,Utenti del 1522,femmine,altro o non indicato,2016,865
veneto,Utenti del 1522,femmine,altro o non indicato,2017,899
veneto,Utenti del 1522,femmine,altro o non indicato,2018,1207
veneto,Utenti del 1522,femmine,altro o non indicato,2019,1333
veneto,Utenti del 1522,femmine,altro o non indicato,2020,1614
veneto,Utenti del 1522,femmine,altro o non indicato,2021,1881
veneto,Utenti del 1522,femmine,altro o non indicato,2022,1702
veneto,Utenti del 1522,non indicato,missing,2023,7
veneto,Utenti del 1522,non indicato,missing,2024,11
friuli venezia giulia,Utenti del 1522,maschi,omosessuale,2017,1
friuli venezia giulia,Utenti del 1522,maschi,omosessuale,2020,1
friuli venezia giulia,Utenti del 1522,maschi,omosessuale,2021,1
friuli venezia giulia,Utenti del 1522,maschi,missing,2023,79
friuli venezia giulia,Utenti del 1522,maschi,missing,2024,94
friuli venezia giulia,Utenti del 1522,maschi,altro o non indicato,2015,22
friuli venezia giulia,Utenti del 1522,maschi,altro o non indicato,2016,14
friuli venezia giulia,Utenti del 1522,maschi,altro o non indicato,2017,30
friuli venezia giulia,Utenti del 1522,maschi,altro o non indicato,2018,30
friuli venezia giulia,Utenti del 1522,maschi,altro o non indicato,2019,27
friuli venezia giulia,Utenti del 1522,maschi,altro o non indicato,2020,22
friuli venezia giulia,Utenti del 1522,maschi,altro o non indicato,2021,28
friuli venezia giulia,Utenti del 1522,maschi,altro o non indicato,2022,29
friuli venezia giulia,Utenti del 1522,femmine,omosessuale,2021,2
friuli venezia giulia,Utenti del 1522,femmine,transessuale,2018,1
friuli venezia giulia,Utenti del 1522,femmine,transessuale,2020,2
friuli venezia giulia,Utenti del 1522,femmine,transessuale,2021,1
friuli venezia giulia,Utenti del 1522,femmine,transessuale,2022,1
friuli venezia giulia,Utenti del 1522,femmine,missing,2023,438
friuli venezia giulia,Utenti del 1522,femmine,missing,2024,609
friuli venezia giulia,Utenti del 1522,femmine,altro o non indicato,2015,240
friuli venezia giulia,Utenti del 1522,femmine,altro o non indicato,2016,224
friuli venezia giulia,Utenti del 1522,femmine,altro o non indicato,2017,190
friuli venezia giulia,Utenti del 1522,femmine,altro o non indicato,2018,290
friuli venezia giulia,Utenti del 1522,femmine,altro o non indicato,2019,256
friuli venezia giulia,Utenti del 1522,femmine,altro o non indicato,2020,314
friuli venezia giulia,Utenti del 1522,femmine,altro o non indicato,2021,315
friuli venezia giulia,Utenti del 1522,femmine,altro o non indicato,2022,297
friuli venezia giulia,Utenti del 1522,non indicato,missing,2024,1
emilia romagna,Utenti del 1522,maschi,omosessuale,2016,4
emilia romagna,Utenti del 1522,maschi,omosessuale,2017,7
emilia romagna,Utenti del 1522,maschi,omosessuale,2018,2
emilia romagna,Utenti del 1522,maschi,omosessuale,2020,6
emilia romagna,Utenti del 1522,maschi,omosessuale,2021,3
emilia romagna,Utenti del 1522,maschi,omosessuale,2022,4
emilia romagna,Utenti del 1522,maschi,transessuale,2016,1
emilia romagna,Utenti del 1522,maschi,transessuale,2017,3
emilia romagna,Utenti del 1522,maschi,transessuale,2020,1
emilia romagna,Utenti del 1522,maschi,transessuale,2021,3
emilia romagna,Utenti del 1522,maschi,transessuale,2022,1
emilia romagna,Utenti del 1522,maschi,missing,2023,238
emilia romagna,Utenti del 1522,maschi,missing,2024,337
emilia romagna,Utenti del 1522,maschi,altro o non indicato,2015,102
emilia romagna,Utenti del 1522,maschi,altro o non indicato,2016,82
emilia romagna,Utenti del 1522,maschi,altro o non indicato,2017,72
emilia romagna,Utenti del 1522,maschi,altro o non indicato,2018,107
emilia romagna,Utenti del 1522,maschi,altro o non indicato,2019,120
emilia romagna,Utenti del 1522,maschi,altro o non indicato,2020,145
emilia romagna,Utenti del 1522,maschi,altro o non indicato,2021,161
emilia romagna,Utenti del 1522,maschi,altro o non indicato,2022,129
emilia romagna,Utenti del 1522,femmine,omosessuale,2015,2
emilia romagna,Utenti del 1522,femmine,omosessuale,2016,2
emilia romagna,Utenti del 1522,femmine,omosessuale,2017,4
emilia romagna,Utenti del 1522,femmine,omosessuale,2018,4
emilia romagna,Utenti del 1522,femmine,omosessuale,2020,8
emilia romagna,Utenti del 1522,femmine,omosessuale,2021,7
emilia romagna,Utenti del 1522,femmine,omosessuale,2022,4
emilia romagna,Utenti del 1522,femmine,transessuale,2015,3
emilia romagna,Utenti del 1522,femmine,transessuale,2016,2
emilia romagna,Utenti del 1522,femmine,transessuale,2017,2
emilia romagna,Utenti del 1522,femmine,transessuale,2018,2
emilia romagna,Utenti del 1522,femmine,transessuale,2020,11
emilia romagna,Utenti del 1522,femmine,transessuale,2021,10
emilia romagna,Utenti del 1522,femmine,transessuale,2022,4
emilia romagna,Utenti del 1522,femmine,missing,2023,2824
emilia romagna,Utenti del 1522,femmine,missing,2024,3326
emilia romagna,Utenti del 1522,femmine,altro o non indicato,2015,860
emilia romagna,Utenti del 1522,femmine,altro o non indicato,2016,790
emilia romagna,Utenti del 1522,femmine,altro o non indicato,2017,678
emilia romagna,Utenti del 1522,femmine,altro o non indicato,2018,987
emilia romagna,Utenti del 1522,femmine,altro o non indicato,2019,1005
emilia romagna,Utenti del 1522,femmine,altro o non indicato,2020,1438
emilia romagna,Utenti del 1522,femmine,altro o non indicato,2021,1486
emilia romagna,Utenti del 1522,femmine,altro o non indicato,2022,1446
emilia romagna,Utenti del 1522,non indicato,missing,2023,17
emilia romagna,Utenti del 1522,non indicato,missing,2024,11
centro,Utenti del 1522,maschi,omosessuale,2015,4
centro,Utenti del 1522,maschi,omosessuale,2016,7
centro,Utenti del 1522,maschi,omosessuale,2017,11
centro,Utenti del 1522,maschi,omosessuale,2018,3
centro,Utenti del 1522,maschi,omosessuale,2019,12
centro,Utenti del 1522,maschi,omosessuale,2020,20
centro,Utenti del 1522,maschi,omosessuale,2021,18
centro,Utenti del 1522,maschi,omosessuale,2022,19
centro,Utenti del 1522,maschi,transessuale,2015,4
centro,Utenti del 1522,maschi,transessuale,2016,2
centro,Utenti del 1522,maschi,transessuale,2017,9
centro,Utenti del 1522,maschi,transessuale,2018,1
centro,Utenti del 1522,maschi,transessuale,2019,4
centro,Utenti del 1522,maschi,transessuale,2020,13
centro,Utenti del 1522,maschi,transessuale,2021,6
centro,Utenti del 1522,maschi,transessuale,2022,7
centro,Utenti del 1522,maschi,missing,2023,927
centro,Utenti del 1522,maschi,missing,2024,1181
centro,Utenti del 1522,maschi,altro o non indicato,2015,392
centro,Utenti del 1522,maschi,altro o non indicato,2016,318
centro,Utenti del 1522,maschi,altro o non indicato,2017,368
centro,Utenti del 1522,maschi,altro o non indicato,2018,451
centro,Utenti del 1522,maschi,altro o non indicato,2019,462
centro,Utenti del 1522,maschi,altro o non indicato,2020,622
centro,Utenti del 1522,maschi,altro o non indicato,2021,553
centro,Utenti del 1522,maschi,altro o non indicato,2022,577
centro,Utenti del 1522,femmine,omosessuale,2015,3
centro,Utenti del 1522,femmine,omosessuale,2016,5
centro,Utenti del 1522,femmine,omosessuale,2017,4
centro,Utenti del 1522,femmine,omosessuale,2018,4
centro,Utenti del 1522,femmine,omosessuale,2019,9
centro,Utenti del 1522,femmine,omosessuale,2020,20
centro,Utenti del 1522,femmine,omosessuale,2021,14
centro,Utenti del 1522,femmine,omosessuale,2022,10
centro,Utenti del 1522,femmine,transessuale,2015,15
centro,Utenti del 1522,femmine,transessuale,2016,5
centro,Utenti del 1522,femmine,transessuale,2017,9
centro,Utenti del 1522,femmine,transessuale,2018,6
centro,Utenti del 1522,femmine,transessuale,2019,4
centro,Utenti del 1522,femmine,transessuale,2020,39
centro,Utenti del 1522,femmine,transessuale,2021,38
centro,Utenti del 1522,femmine,transessuale,2022,12
centro,Utenti del 1522,femmine,missing,2023,7468
centro,Utenti del 1522,femmine,missing,2024,9201
centro,Utenti del 1522,femmine,altro o non indicato,2015,3633
centro,Utenti del 1522,femmine,altro o non indicato,2016,3302
centro,Utenti del 1522,femmine,altro o non indicato,2017,3127
centro,Utenti del 1522,femmine,altro o non indicato,2018,4446
centro,Utenti del 1522,femmine,altro o non indicato,2019,4329
centro,Utenti del 1522,femmine,altro o non indicato,2020,5400
centro,Utenti del 1522,femmine,altro o non indicato,2021,5834
centro,Utenti del 1522,femmine,altro o non indicato,2022,5264
centro,Utenti del 1522,non indicato,missing,2023,50
centro,Utenti del 1522,non indicato,missing,2024,26
toscana,Utenti del 1522,maschi,omosessuale,2015,1
toscana,Utenti del 1522,maschi,omosessuale,2017,1
toscana,Utenti del 1522,maschi,omosessuale,2020,7
toscana,Utenti del 1522,maschi,omosessuale,2021,3
toscana,Utenti del 1522,maschi,omosessuale,2022,5
toscana,Utenti del 1522,maschi,transessuale,2015,1
toscana,Utenti del 1522,maschi,transessuale,2019,1
toscana,Utenti del 1522,maschi,transessuale,2020,4
toscana,Utenti del 1522,maschi,missing,2023,247
toscana,Utenti del 1522,maschi,missing,2024,317
toscana,Utenti del 1522,maschi,altro o non indicato,2015,78
toscana,Utenti del 1522,maschi,altro o non indicato,2016,90
toscana,Utenti del 1522,maschi,altro o non indicato,2017,109
toscana,Utenti del 1522,maschi,altro o non indicato,2018,112
toscana,Utenti del 1522,maschi,altro o non indicato,2019,111
toscana,Utenti del 1522,maschi,altro o non indicato,2020,183
toscana,Utenti del 1522,maschi,altro o non indicato,2021,154
toscana,Utenti del 1522,maschi,altro o non indicato,2022,149
toscana,Utenti del 1522,femmine,omosessuale,2016,1
toscana,Utenti del 1522,femmine,omosessuale,2017,1
toscana,Utenti del 1522,femmine,omosessuale,2018,1
toscana,Utenti del 1522,femmine,omosessuale,2019,1
toscana,Utenti del 1522,femmine,omosessuale,2020,4
toscana,Utenti del 1522,femmine,omosessuale,2021,4
toscana,Utenti del 1522,femmine,omosessuale,2022,3
toscana,Utenti del 1522,femmine,transessuale,2015,4
toscana,Utenti del 1522,femmine,transessuale,2017,3
toscana,Utenti del 1522,femmine,transessuale,2018,3
toscana,Utenti del 1522,femmine,transessuale,2019,1
toscana,Utenti del 1522,femmine,transessuale,2020,4
toscana,Utenti del 1522,femmine,transessuale,2021,4
toscana,Utenti del 1522,femmine,transessuale,2022,3
toscana,Utenti del 1522,femmine,missing,2023,1695
toscana,Utenti del 1522,femmine,missing,2024,2384
toscana,Utenti del 1522,femmine,altro o non indicato,2015,800
toscana,Utenti del 1522,femmine,altro o non indicato,2016,629
toscana,Utenti del 1522,femmine,altro o non indicato,2017,836
toscana,Utenti del 1522,femmine,altro o non indicato,2018,1158
toscana,Utenti del 1522,femmine,altro o non indicato,2019,1208
toscana,Utenti del 1522,femmine,altro o non indicato,2020,1375
toscana,Utenti del 1522,femmine,altro o non indicato,2021,1423
toscana,Utenti del 1522,femmine,altro o non indicato,2022,1297
toscana,Utenti del 1522,non indicato,missing,2023,11
toscana,Utenti del 1522,non indicato,missing,2024,7
umbria,Utenti del 1522,maschi,omosessuale,2015,2
umbria,Utenti del 1522,maschi,omosessuale,2016,1
umbria,Utenti del 1522,maschi,omosessuale,2017,2
umbria,Utenti del 1522,maschi,transessuale,2021,1
umbria,Utenti del 1522,maschi,missing,2023,41
umbria,Utenti del 1522,maschi,missing,2024,62
umbria,Utenti del 1522,maschi,altro o non indicato,2015,18
umbria,Utenti del 1522,maschi,altro o non indicato,2016,19
umbria,Utenti del 1522,maschi,altro o non indicato,2017,19
umbria,Utenti del 1522,maschi,altro o non indicato,2018,21
umbria,Utenti del 1522,maschi,altro o non indicato,2019,19
umbria,Utenti del 1522,maschi,altro o non indicato,2020,21
umbria,Utenti del 1522,maschi,altro o non indicato,2021,20
umbria,Utenti del 1522,maschi,altro o non indicato,2022,24
umbria,Utenti del 1522,femmine,omosessuale,2016,1
umbria,Utenti del 1522,femmine,omosessuale,2018,1
umbria,Utenti del 1522,femmine,omosessuale,2020,1
umbria,Utenti del 1522,femmine,omosessuale,2022,2
umbria,Utenti del 1522,femmine,transessuale,2015,1
umbria,Utenti del 1522,femmine,transessuale,2016,2
umbria,Utenti del 1522,femmine,transessuale,2020,2
umbria,Utenti del 1522,femmine,transessuale,2021,1
umbria,Utenti del 1522,femmine,missing,2023,464
umbria,Utenti del 1522,femmine,missing,2024,510
umbria,Utenti del 1522,femmine,altro o non indicato,2015,216
umbria,Utenti del 1522,femmine,altro o non indicato,2016,197
umbria,Utenti del 1522,femmine,altro o non indicato,2017,175
umbria,Utenti del 1522,femmine,altro o non indicato,2018,240
umbria,Utenti del 1522,femmine,altro o non indicato,2019,221
umbria,Utenti del 1522,femmine,altro o non indicato,2020,235
umbria,Utenti del 1522,femmine,altro o non indicato,2021,288
umbria,Utenti del 1522,femmine,altro o non indicato,2022,309
umbria,Utenti del 1522,non indicato,missing,2023,3
umbria,Utenti del 1522,non indicato,missing,2024,1
marche,Utenti del 1522,maschi,omosessuale,2016,1
marche,Utenti del 1522,maschi,omosessuale,2019,1
marche,Utenti del 1522,maschi,omosessuale,2020,1
marche,Utenti del 1522,maschi,omosessuale,2022,1
marche,Utenti del 1522,maschi,transessuale,2020,1
marche,Utenti del 1522,maschi,missing,2023,83
marche,Utenti del 1522,maschi,missing,2024,114
marche,Utenti del 1522,maschi,altro o non indicato,2015,54
marche,Utenti del 1522,maschi,altro o non indicato,2016,35
marche,Utenti del 1522,maschi,altro o non indicato,2017,26
marche,Utenti del 1522,maschi,altro o non indicato,2018,48
marche,Utenti del 1522,maschi,altro o non indicato,2019,43
marche,Utenti del 1522,maschi,altro o non indicato,2020,64
marche,Utenti del 1522,maschi,altro o non indicato,2021,62
marche,Utenti del 1522,maschi,altro o non indicato,2022,64
marche,Utenti del 1522,femmine,transessuale,2015,1
marche,Utenti del 1522,femmine,transessuale,2016,1
marche,Utenti del 1522,femmine,transessuale,2017,3
marche,Utenti del 1522,femmine,transessuale,2018,1
marche,Utenti del 1522,femmine,transessuale,2020,2
marche,Utenti del 1522,femmine,transessuale,2022,2
marche,Utenti del 1522,femmine,missing,2023,656
marche,Utenti del 1522,femmine,missing,2024,839
marche,Utenti del 1522,femmine,altro o non indicato,2015,443
marche,Utenti del 1522,femmine,altro o non indicato,2016,406
marche,Utenti del 1522,femmine,altro o non indicato,2017,354
marche,Utenti del 1522,femmine,altro o non indicato,2018,454
marche,Utenti del 1522,femmine,altro o non indicato,2019,386
marche,Utenti del 1522,femmine,altro o non indicato,2020,509
marche,Utenti del 1522,femmine,altro o non indicato,2021,587
marche,Utenti del 1522,femmine,altro o non indicato,2022,505
marche,Utenti del 1522,non indicato,missing,2023,3
marche,Utenti del 1522,non indicato,missing,2024,2
lazio,Utenti del 1522,maschi,omosessuale,2015,1
lazio,Utenti del 1522,maschi,omosessuale,2016,5
lazio,Utenti del 1522,maschi,omosessuale,2017,8
lazio,Utenti del 1522,maschi,omosessuale,2018,3
lazio,Utenti del 1522,maschi,omosessuale,2019,11
lazio,Utenti del 1522,maschi,omosessuale,2020,12
lazio,Utenti del 1522,maschi,omosessuale,2021,15
lazio,Utenti del 1522,maschi,omosessuale,2022,13
lazio,Utenti del 1522,maschi,transessuale,2015,3
lazio,Utenti del 1522,maschi,transessuale,2016,2
lazio,Utenti del 1522,maschi,transessuale,2017,9
lazio,Utenti del 1522,maschi,transessuale,2018,1
lazio,Utenti del 1522,maschi,transessuale,2019,3
lazio,Utenti del 1522,maschi,transessuale,2020,8
lazio,Utenti del 1522,maschi,transessuale,2021,5
lazio,Utenti del 1522,maschi,transessuale,2022,7
lazio,Utenti del 1522,maschi,missing,2023,556
lazio,Utenti del 1522,maschi,missing,2024,688
lazio,Utenti del 1522,maschi,altro o non indicato,2015,242
lazio,Utenti del 1522,maschi,altro o non indicato,2016,174
lazio,Utenti del 1522,maschi,altro o non indicato,2017,214
lazio,Utenti del 1522,maschi,altro o non indicato,2018,270
lazio,Utenti del 1522,maschi,altro o non indicato,2019,289
lazio,Utenti del 1522,maschi,altro o non indicato,2020,354
lazio,Utenti del 1522,maschi,altro o non indicato,2021,317
lazio,Utenti del 1522,maschi,altro o non indicato,2022,340
lazio,Utenti del 1522,femmine,omosessuale,2015,3
lazio,Utenti del 1522,femmine,omosessuale,2016,3
lazio,Utenti del 1522,femmine,omosessuale,2017,3
lazio,Utenti del 1522,femmine,omosessuale,2018,2
lazio,Utenti del 1522,femmine,omosessuale,2019,8
lazio,Utenti del 1522,femmine,omosessuale,2020,15
lazio,Utenti del 1522,femmine,omosessuale,2021,10
lazio,Utenti del 1522,femmine,omosessuale,2022,5
lazio,Utenti del 1522,femmine,transessuale,2015,9
lazio,Utenti del 1522,femmine,transessuale,2016,2
lazio,Utenti del 1522,femmine,transessuale,2017,3
lazio,Utenti del 1522,femmine,transessuale,2018,2
lazio,Utenti del 1522,femmine,transessuale,2019,3
lazio,Utenti del 1522,femmine,transessuale,2020,31
lazio,Utenti del 1522,femmine,transessuale,2021,33
lazio,Utenti del 1522,femmine,transessuale,2022,7
lazio,Utenti del 1522,femmine,missing,2023,4653
lazio,Utenti del 1522,femmine,missing,2024,5468
lazio,Utenti del 1522,femmine,altro o non indicato,2015,2174
lazio,Utenti del 1522,femmine,altro o non indicato,2016,2070
lazio,Utenti del 1522,femmine,altro o non indicato,2017,1762
lazio,Utenti del 1522,femmine,altro o non indicato,2018,2594
lazio,Utenti del 1522,femmine,altro o non indicato,2019,2514
lazio,Utenti del 1522,femmine,altro o non indicato,2020,3281
lazio,Utenti del 1522,femmine,altro o non indicato,2021,3536
lazio,Utenti del 1522,femmine,altro o non indicato,2022,3153
lazio,Utenti del 1522,non indicato,missing,2023,33
lazio,Utenti del 1522,non indicato,missing,2024,16
sud,Utenti del 1522,maschi,omosessuale,2015,11
sud,Utenti del 1522,maschi,omosessuale,2016,6
sud,Utenti del 1522,maschi,omosessuale,2017,7
sud,Utenti del 1522,maschi,omosessuale,2018,4
sud,Utenti del 1522,maschi,omosessuale,2019,5
sud,Utenti del 1522,maschi,omosessuale,2020,13
sud,Utenti del 1522,maschi,omosessuale,2021,16
sud,Utenti del 1522,maschi,omosessuale,2022,9
sud,Utenti del 1522,maschi,transessuale,2015,4
sud,Utenti del 1522,maschi,transessuale,2016,3
sud,Utenti del 1522,maschi,transessuale,2017,4
sud,Utenti del 1522,maschi,transessuale,2018,1
sud,Utenti del 1522,maschi,transessuale,2019,1
sud,Utenti del 1522,maschi,transessuale,2020,15
sud,Utenti del 1522,maschi,transessuale,2021,2
sud,Utenti del 1522,maschi,transessuale,2022,5
sud,Utenti del 1522,maschi,missing,2023,849
sud,Utenti del 1522,maschi,missing,2024,1069
sud,Utenti del 1522,maschi,altro o non indicato,2015,548
sud,Utenti del 1522,maschi,altro o non indicato,2016,335
sud,Utenti del 1522,maschi,altro o non indicato,2017,401
sud,Utenti del 1522,maschi,altro o non indicato,2018,542
sud,Utenti del 1522,maschi,altro o non indicato,2019,509
sud,Utenti del 1522,maschi,altro o non indicato,2020,545
sud,Utenti del 1522,maschi,altro o non indicato,2021,534
sud,Utenti del 1522,maschi,altro o non indicato,2022,556
sud,Utenti del 1522,femmine,omosessuale,2015,3
sud,Utenti del 1522,femmine,omosessuale,2016,2
sud,Utenti del 1522,femmine,omosessuale,2017,3
sud,Utenti del 1522,femmine,omosessuale,2018,2
sud,Utenti del 1522,femmine,omosessuale,2019,9
sud,Utenti del 1522,femmine,omosessuale,2020,16
sud,Utenti del 1522,femmine,omosessuale,2021,16
sud,Utenti del 1522,femmine,omosessuale,2022,5
sud,Utenti del 1522,femmine,transessuale,2015,10
sud,Utenti del 1522,femmine,transessuale,2016,11
sud,Utenti del 1522,femmine,transessuale,2017,6
sud,Utenti del 1522,femmine,transessuale,2018,9
sud,Utenti del 1522,femmine,transessuale,2019,2
sud,Utenti del 1522,femmine,transessuale,2020,31
sud,Utenti del 1522,femmine,transessuale,2021,18
sud,Utenti del 1522,femmine,transessuale,2022,12
sud,Utenti del 1522,femmine,missing,2023,5771
sud,Utenti del 1522,femmine,missing,2024,7473
sud,Utenti del 1522,femmine,altro o non indicato,2015,4053
sud,Utenti del 1522,femmine,altro o non indicato,2016,3463
sud,Utenti del 1522,femmine,altro o non indicato,2017,3070
sud,Utenti del 1522,femmine,altro o non indicato,2018,4336
sud,Utenti del 1522,femmine,altro o non indicato,2019,3935
sud,Utenti del 1522,femmine,altro o non indicato,2020,5095
sud,Utenti del 1522,femmine,altro o non indicato,2021,5394
sud,Utenti del 1522,femmine,altro o non indicato,2022,4779
sud,Utenti del 1522,non indicato,missing,2023,37
sud,Utenti del 1522,non indicato,missing,2024,24
abruzzo,Utenti del 1522,maschi,omosessuale,2015,2
abruzzo,Utenti del 1522,maschi,omosessuale,2016,2
abruzzo,Utenti del 1522,maschi,omosessuale,2018,2
abruzzo,Utenti del 1522,maschi,omosessuale,2019,1
abruzzo,Utenti del 1522,maschi,omosessuale,2020,4
abruzzo,Utenti del 1522,maschi,omosessuale,2021,7
abruzzo,Utenti del 1522,maschi,omosessuale,2022,1
abruzzo,Utenti del 1522,maschi,transessuale,2020,3
abruzzo,Utenti del 1522,maschi,transessuale,2021,1
abruzzo,Utenti del 1522,maschi,missing,2023,91
abruzzo,Utenti del 1522,maschi,missing,2024,99
abruzzo,Utenti del 1522,maschi,altro o non indicato,2015,50
abruzzo,Utenti del 1522,maschi,altro o non indicato,2016,33
abruzzo,Utenti del 1522,maschi,altro o non indicato,2017,25
abruzzo,Utenti del 1522,maschi,altro o non indicato,2018,55
abruzzo,Utenti del 1522,maschi,altro o non indicato,2019,40
abruzzo,Utenti del 1522,maschi,altro o non indicato,2020,46
abruzzo,Utenti del 1522,maschi,altro o non indicato,2021,45
abruzzo,Utenti del 1522,maschi,altro o non indicato,2022,50
abruzzo,Utenti del 1522,femmine,omosessuale,2015,1
abruzzo,Utenti del 1522,femmine,omosessuale,2018,1
abruzzo,Utenti del 1522,femmine,omosessuale,2020,1
abruzzo,Utenti del 1522,femmine,omosessuale,2021,1
abruzzo,Utenti del 1522,femmine,transessuale,2015,1
abruzzo,Utenti del 1522,femmine,transessuale,2016,3
abruzzo,Utenti del 1522,femmine,transessuale,2017,1
abruzzo,Utenti del 1522,femmine,transessuale,2018,1
abruzzo,Utenti del 1522,femmine,transessuale,2020,1
abruzzo,Utenti del 1522,femmine,transessuale,2021,2
abruzzo,Utenti del 1522,femmine,transessuale,2022,4
abruzzo,Utenti del 1522,femmine,missing,2023,655
abruzzo,Utenti del 1522,femmine,missing,2024,702
abruzzo,Utenti del 1522,femmine,altro o non indicato,2015,448
abruzzo,Utenti del 1522,femmine,altro o non indicato,2016,405
abruzzo,Utenti del 1522,femmine,altro o non indicato,2017,368
abruzzo,Utenti del 1522,femmine,altro o non indicato,2018,494
abruzzo,Utenti del 1522,femmine,altro o non indicato,2019,419
abruzzo,Utenti del 1522,femmine,altro o non indicato,2020,473
abruzzo,Utenti del 1522,femmine,altro o non indicato,2021,528
abruzzo,Utenti del 1522,femmine,altro o non indicato,2022,472
abruzzo,Utenti del 1522,non indicato,missing,2023,6
abruzzo,Utenti del 1522,non indicato,missing,2024,1
molise,Utenti del 1522,maschi,omosessuale,2022,1
molise,Utenti del 1522,maschi,missing,2023,21
molise,Utenti del 1522,maschi,missing,2024,15
molise,Utenti del 1522,maschi,altro o non indicato,2015,7
molise,Utenti del 1522,maschi,altro o non indicato,2016,8
molise,Utenti del 1522,maschi,altro o non indicato,2017,10
molise,Utenti del 1522,maschi,altro o non indicato,2018,9
molise,Utenti del 1522,maschi,altro o non indicato,2019,7
molise,Utenti del 1522,maschi,altro o non indicato,2020,8
molise,Utenti del 1522,maschi,altro o non indicato,2021,10
molise,Utenti del 1522,maschi,altro o non indicato,2022,12
molise,Utenti del 1522,femmine,transessuale,2018,1
molise,Utenti del 1522,femmine,transessuale,2022,2
molise,Utenti del 1522,femmine,missing,2023,91
molise,Utenti del 1522,femmine,missing,2024,132
molise,Utenti del 1522,femmine,altro o non indicato,2015,86
molise,Utenti del 1522,femmine,altro o non indicato,2016,58
molise,Utenti del 1522,femmine,altro o non indicato,2017,31
molise,Utenti del 1522,femmine,altro o non indicato,2018,37
molise,Utenti del 1522,femmine,altro o non indicato,2019,68
molise,Utenti del 1522,femmine,altro o non indicato,2020,67
molise,Utenti del 1522,femmine,altro o non indicato,2021,90
molise,Utenti del 1522,femmine,altro o non indicato,2022,88
molise,Utenti del 1522,non indicato,missing,2024,2
campania,Utenti del 1522,maschi,omosessuale,2015,6
campania,Utenti del 1522,maschi,omosessuale,2016,1
campania,Utenti del 1522,maschi,omosessuale,2017,1
campania,Utenti del 1522,maschi,omosessuale,2020,5
campania,Utenti del 1522,maschi,omosessuale,2021,4
campania,Utenti del 1522,maschi,omosessuale,2022,3
campania,Utenti del 1522,maschi,transessuale,2015,2
campania,Utenti del 1522,maschi,transessuale,2017,1
campania,Utenti del 1522,maschi,transessuale,2020,9
campania,Utenti del 1522,maschi,transessuale,2021,1
campania,Utenti del 1522,maschi,transessuale,2022,3
campania,Utenti del 1522,maschi,missing,2023,351
campania,Utenti del 1522,maschi,missing,2024,477
campania,Utenti del 1522,maschi,altro o non indicato,2015,239
campania,Utenti del 1522,maschi,altro o non indicato,2016,158
campania,Utenti del 1522,maschi,altro o non indicato,2017,161
campania,Utenti del 1522,maschi,altro o non indicato,2018,224
campania,Utenti del 1522,maschi,altro o non indicato,2019,213
campania,Utenti del 1522,maschi,altro o non indicato,2020,249
campania,Utenti del 1522,maschi,altro o non indicato,2021,244
campania,Utenti del 1522,maschi,altro o non indicato,2022,243
campania,Utenti del 1522,femmine,omosessuale,2015,1
campania,Utenti del 1522,femmine,omosessuale,2016,1
campania,Utenti del 1522,femmine,omosessuale,2017,1
campania,Utenti del 1522,femmine,omosessuale,2019,6
campania,Utenti del 1522,femmine,omosessuale,2020,11
campania,Utenti del 1522,femmine,omosessuale,2021,12
campania,Utenti del 1522,femmine,omosessuale,2022,3
campania,Utenti del 1522,femmine,transessuale,2015,5
campania,Utenti del 1522,femmine,transessuale,2016,5
campania,Utenti del 1522,femmine,transessuale,2018,4
campania,Utenti del 1522,femmine,transessuale,2019,1
campania,Utenti del 1522,femmine,transessuale,2020,14
campania,Utenti del 1522,femmine,transessuale,2021,10
campania,Utenti del 1522,femmine,transessuale,2022,2
campania,Utenti del 1522,femmine,missing,2023,2545
campania,Utenti del 1522,femmine,missing,2024,3489
campania,Utenti del 1522,femmine,altro o non indicato,2015,1911
campania,Utenti del 1522,femmine,altro o non indicato,2016,1663
campania,Utenti del 1522,femmine,altro o non indicato,2017,1499
campania,Utenti del 1522,femmine,altro o non indicato,2018,2064
campania,Utenti del 1522,femmine,altro o non indicato,2019,1899
campania,Utenti del 1522,femmine,altro o non indicato,2020,2387
campania,Utenti del 1522,femmine,altro o non indicato,2021,2548
campania,Utenti del 1522,femmine,altro o non indicato,2022,2121
campania,Utenti del 1522,non indicato,missing,2023,17
campania,Utenti del 1522,non indicato,missing,2024,10
puglia,Utenti del 1522,maschi,omosessuale,2015,3
puglia,Utenti del 1522,maschi,omosessuale,2016,3
puglia,Utenti del 1522,maschi,omosessuale,2017,2
puglia,Utenti del 1522,maschi,omosessuale,2018,2
puglia,Utenti del 1522,maschi,omosessuale,2019,3
puglia,Utenti del 1522,maschi,omosessuale,2020,4
puglia,Utenti del 1522,maschi,omosessuale,2021,1
puglia,Utenti del 1522,maschi,omosessuale,2022,4
puglia,Utenti del 1522,maschi,transessuale,2015,2
puglia,Utenti del 1522,maschi,transessuale,2016,2
puglia,Utenti del 1522,maschi,transessuale,2018,1
puglia,Utenti del 1522,maschi,transessuale,2020,3
puglia,Utenti del 1522,maschi,transessuale,2022,2
puglia,Utenti del 1522,maschi,missing,2023,230
puglia,Utenti del 1522,maschi,missing,2024,313
puglia,Utenti del 1522,maschi,altro o non indicato,2015,161
puglia,Utenti del 1522,maschi,altro o non indicato,2016,70
puglia,Utenti del 1522,maschi,altro o non indicato,2017,112
puglia,Utenti del 1522,maschi,altro o non indicato,2018,168
puglia,Utenti del 1522,maschi,altro o non indicato,2019,149
puglia,Utenti del 1522,maschi,altro o non indicato,2020,149
puglia,Utenti del 1522,maschi,altro o non indicato,2021,159
puglia,Utenti del 1522,maschi,altro o non indicato,2022,177
puglia,Utenti del 1522,femmine,omosessuale,2015,1
puglia,Utenti del 1522,femmine,omosessuale,2016,1
puglia,Utenti del 1522,femmine,omosessuale,2017,1
puglia,Utenti del 1522,femmine,omosessuale,2018,1
puglia,Utenti del 1522,femmine,omosessuale,2019,3
puglia,Utenti del 1522,femmine,omosessuale,2020,3
puglia,Utenti del 1522,femmine,omosessuale,2021,3
puglia,Utenti del 1522,femmine,omosessuale,2022,1
puglia,Utenti del 1522,femmine,transessuale,2015,4
puglia,Utenti del 1522,femmine,transessuale,2016,3
puglia,Utenti del 1522,femmine,transessuale,2017,2
puglia,Utenti del 1522,femmine,transessuale,2018,2
puglia,Utenti del 1522,femmine,transessuale,2020,10
puglia,Utenti del 1522,femmine,transessuale,2021,5
puglia,Utenti del 1522,femmine,transessuale,2022,3
puglia,Utenti del 1522,femmine,missing,2023,1562
puglia,Utenti del 1522,femmine,missing,2024,2240
puglia,Utenti del 1522,femmine,altro o non indicato,2015,1067
puglia,Utenti del 1522,femmine,altro o non indicato,2016,904
puglia,Utenti del 1522,femmine,altro o non indicato,2017,793
puglia,Utenti del 1522,femmine,altro o non indicato,2018,1185
puglia,Utenti del 1522,femmine,altro o non indicato,2019,992
puglia,Utenti del 1522,femmine,altro o non indicato,2020,1422
puglia,Utenti del 1522,femmine,altro o non indicato,2021,1469
puglia,Utenti del 1522,femmine,altro o non indicato,2022,1312
puglia,Utenti del 1522,non indicato,missing,2023,11
puglia,Utenti del 1522,non indicato,missing,2024,9
basilicata,Utenti del 1522,maschi,omosessuale,2019,1
basilicata,Utenti del 1522,maschi,omosessuale,2021,1
basilicata,Utenti del 1522,maschi,transessuale,2019,1
basilicata,Utenti del 1522,maschi,missing,2023,30
basilicata,Utenti del 1522,maschi,missing,2024,42
basilicata,Utenti del 1522,maschi,altro o non indicato,2015,19
basilicata,Utenti del 1522,maschi,altro o non indicato,2016,9
basilicata,Utenti del 1522,maschi,altro o non indicato,2017,16
basilicata,Utenti del 1522,maschi,altro o non indicato,2018,14
basilicata,Utenti del 1522,maschi,altro o non indicato,2019,28
basilicata,Utenti del 1522,maschi,altro o non indicato,2020,18
basilicata,Utenti del 1522,maschi,altro o non indicato,2021,13
basilicata,Utenti del 1522,maschi,altro o non indicato,2022,17
basilicata,Utenti del 1522,femmine,omosessuale,2017,1
basilicata,Utenti del 1522,femmine,transessuale,2017,1
basilicata,Utenti del 1522,femmine,transessuale,2022,1
basilicata,Utenti del 1522,femmine,missing,2023,224
basilicata,Utenti del 1522,femmine,missing,2024,181
basilicata,Utenti del 1522,femmine,altro o non indicato,2015,83
basilicata,Utenti del 1522,femmine,altro o non indicato,2016,82
basilicata,Utenti del 1522,femmine,altro o non indicato,2017,86
basilicata,Utenti del 1522,femmine,altro o non indicato,2018,126
basilicata,Utenti del 1522,femmine,altro o non indicato,2019,120
basilicata,Utenti del 1522,femmine,altro o non indicato,2020,138
basilicata,Utenti del 1522,femmine,altro o non indicato,2021,172
basilicata,Utenti del 1522,femmine,altro o non indicato,2022,153
basilicata,Utenti del 1522,non indicato,missing,2023,2
calabria,Utenti del 1522,maschi,omosessuale,2017,4
calabria,Utenti del 1522,maschi,omosessuale,2021,3
calabria,Utenti del 1522,maschi,transessuale,2016,1
calabria,Utenti del 1522,maschi,transessuale,2017,3
calabria,Utenti del 1522,maschi,missing,2023,126
calabria,Utenti del 1522,maschi,missing,2024,123
calabria,Utenti del 1522,maschi,altro o non indicato,2015,72
calabria,Utenti del 1522,maschi,altro o non indicato,2016,57
calabria,Utenti del 1522,maschi,altro o non indicato,2017,77
calabria,Utenti del 1522,maschi,altro o non indicato,2018,72
calabria,Utenti del 1522,maschi,altro o non indicato,2019,72
calabria,Utenti del 1522,maschi,altro o non indicato,2020,75
calabria,Utenti del 1522,maschi,altro o non indicato,2021,63
calabria,Utenti del 1522,maschi,altro o non indicato,2022,57
calabria,Utenti del 1522,femmine,omosessuale,2020,1
calabria,Utenti del 1522,femmine,omosessuale,2022,1
calabria,Utenti del 1522,femmine,transessuale,2017,2
calabria,Utenti del 1522,femmine,transessuale,2018,1
calabria,Utenti del 1522,femmine,transessuale,2019,1
calabria,Utenti del 1522,femmine,transessuale,2020,6
calabria,Utenti del 1522,femmine,transessuale,2021,1
calabria,Utenti del 1522,femmine,missing,2023,694
calabria,Utenti del 1522,femmine,missing,2024,729
calabria,Utenti del 1522,femmine,altro o non indicato,2015,458
calabria,Utenti del 1522,femmine,altro o non indicato,2016,351
calabria,Utenti del 1522,femmine,altro o non indicato,2017,293
calabria,Utenti del 1522,femmine,altro o non indicato,2018,430
calabria,Utenti del 1522,femmine,altro o non indicato,2019,437
calabria,Utenti del 1522,femmine,altro o non indicato,2020,608
calabria,Utenti del 1522,femmine,altro o non indicato,2021,587
calabria,Utenti del 1522,femmine,altro o non indicato,2022,633
calabria,Utenti del 1522,non indicato,missing,2023,1
calabria,Utenti del 1522,non indicato,missing,2024,2
isole,Utenti del 1522,maschi,omosessuale,2015,4
isole,Utenti del 1522,maschi,omosessuale,2017,7
isole,Utenti del 1522,maschi,omosessuale,2018,9
isole,Utenti del 1522,maschi,omosessuale,2019,5
isole,Utenti del 1522,maschi,omosessuale,2020,7
isole,Utenti del 1522,maschi,omosessuale,2021,8
isole,Utenti del 1522,maschi,omosessuale,2022,7
isole,Utenti del 1522,maschi,transessuale,2015,1
isole,Utenti del 1522,maschi,transessuale,2017,2
isole,Utenti del 1522,maschi,transessuale,2018,1
isole,Utenti del 1522,maschi,transessuale,2019,4
isole,Utenti del 1522,maschi,transessuale,2020,2
isole,Utenti del 1522,maschi,transessuale,2021,3
isole,Utenti del 1522,maschi,transessuale,2022,4
isole,Utenti del 1522,maschi,missing,2023,344
isole,Utenti del 1522,maschi,missing,2024,452
isole,Utenti del 1522,maschi,altro o non indicato,2015,236
isole,Utenti del 1522,maschi,altro o non indicato,2016,168
isole,Utenti del 1522,maschi,altro o non indicato,2017,205
isole,Utenti del 1522,maschi,altro o non indicato,2018,216
isole,Utenti del 1522,maschi,altro o non indicato,2019,230
isole,Utenti del 1522,maschi,altro o non indicato,2020,256
isole,Utenti del 1522,maschi,altro o non indicato,2021,257
isole,Utenti del 1522,maschi,altro o non indicato,2022,222
isole,Utenti del 1522,femmine,omosessuale,2015,2
isole,Utenti del 1522,femmine,omosessuale,2016,5
isole,Utenti del 1522,femmine,omosessuale,2017,3
isole,Utenti del 1522,femmine,omosessuale,2018,2
isole,Utenti del 1522,femmine,omosessuale,2019,3
isole,Utenti del 1522,femmine,omosessuale,2020,10
isole,Utenti del 1522,femmine,omosessuale,2021,7
isole,Utenti del 1522,femmine,omosessuale,2022,9
isole,Utenti del 1522,femmine,transessuale,2015,3
isole,Utenti del 1522,femmine,transessuale,2016,3
isole,Utenti del 1522,femmine,transessuale,2017,7
isole,Utenti del 1522,femmine,transessuale,2019,2
isole,Utenti del 1522,femmine,transessuale,2020,11
isole,Utenti del 1522,femmine,transessuale,2021,4
isole,Utenti del 1522,femmine,transessuale,2022,5
isole,Utenti del 1522,femmine,missing,2023,2307
isole,Utenti del 1522,femmine,missing,2024,3008
isole,Utenti del 1522,femmine,altro o non indicato,2015,1740
isole,Utenti del 1522,femmine,altro o non indicato,2016,1766
isole,Utenti del 1522,femmine,altro o non indicato,2017,1479
isole,Utenti del 1522,femmine,altro o non indicato,2018,1769
isole,Utenti del 1522,femmine,altro o non indicato,2019,1565
isole,Utenti del 1522,femmine,altro o non indicato,2020,2033
isole,Utenti del 1522,femmine,altro o non indicato,2021,2251
isole,Utenti del 1522,femmine,altro o non indicato,2022,2023
isole,Utenti del 1522,non indicato,missing,2023,18
isole,Utenti del 1522,non indicato,missing,2024,6
sicilia,Utenti del 1522,maschi,omosessuale,2015,3
sicilia,Utenti del 1522,maschi,omosessuale,2017,5
sicilia,Utenti del 1522,maschi,omosessuale,2018,9
sicilia,Utenti del 1522,maschi,omosessuale,2019,2
sicilia,Utenti del 1522,maschi,omosessuale,2020,5
sicilia,Utenti del 1522,maschi,omosessuale,2021,7
sicilia,Utenti del 1522,maschi,omosessuale,2022,7
sicilia,Utenti del 1522,maschi,transessuale,2015,1
sicilia,Utenti del 1522,maschi,transessuale,2017,2
sicilia,Utenti del 1522,maschi,transessuale,2018,1
sicilia,Utenti del 1522,maschi,transessuale,2019,2
sicilia,Utenti del 1522,maschi,transessuale,2020,2
sicilia,Utenti del 1522,maschi,transessuale,2021,2
sicilia,Utenti del 1522,maschi,transessuale,2022,4
sicilia,Utenti del 1522,maschi,missing,2023,252
sicilia,Utenti del 1522,maschi,missing,2024,330
sicilia,Utenti del 1522,maschi,altro o non indicato,2015,169
sicilia,Utenti del 1522,maschi,altro o non indicato,2016,127
sicilia,Utenti del 1522,maschi,altro o non indicato,2017,163
sicilia,Utenti del 1522,maschi,altro o non indicato,2018,161
sicilia,Utenti del 1522,maschi,altro o non indicato,2019,187
sicilia,Utenti del 1522,maschi,altro o non indicato,2020,172
sicilia,Utenti del 1522,maschi,altro o non indicato,2021,181
sicilia,Utenti del 1522,maschi,altro o non indicato,2022,164
sicilia,Utenti del 1522,femmine,omosessuale,2015,2
sicilia,Utenti del 1522,femmine,omosessuale,2016,4
sicilia,Utenti del 1522,femmine,omosessuale,2017,3
sicilia,Utenti del 1522,femmine,omosessuale,2018,2
sicilia,Utenti del 1522,femmine,omosessuale,2019,3
sicilia,Utenti del 1522,femmine,omosessuale,2020,8
sicilia,Utenti del 1522,femmine,omosessuale,2021,5
sicilia,Utenti del 1522,femmine,omosessuale,2022,9
sicilia,Utenti del 1522,femmine,transessuale,2015,3
sicilia,Utenti del 1522,femmine,transessuale,2016,3
sicilia,Utenti del 1522,femmine,transessuale,2017,6
sicilia,Utenti del 1522,femmine,transessuale,2019,2
sicilia,Utenti del 1522,femmine,transessuale,2020,9
sicilia,Utenti del 1522,femmine,transessuale,2021,2
sicilia,Utenti del 1522,femmine,transessuale,2022,4
sicilia,Utenti del 1522,femmine,missing,2023,1602
sicilia,Utenti del 1522,femmine,missing,2024,2148
sicilia,Utenti del 1522,femmine,altro o non indicato,2015,1220
sicilia,Utenti del 1522,femmine,altro o non indicato,2016,1239
sicilia,Utenti del 1522,femmine,altro o non indicato,2017,1023
sicilia,Utenti del 1522,femmine,altro o non indicato,2018,1220
sicilia,Utenti del 1522,femmine,altro o non indicato,2019,1116
sicilia,Utenti del 1522,femmine,altro o non indicato,2020,1482
sicilia,Utenti del 1522,femmine,altro o non indicato,2021,1543
sicilia,Utenti del 1522,femmine,altro o non indicato,2022,1362
sicilia,Utenti del 1522,non indicato,missing,2023,14
sicilia,Utenti del 1522,non indicato,missing,2024,5
sardegna,Utenti del 1522,maschi,omosessuale,2015,1
sardegna,Utenti del 1522,maschi,omosessuale,2017,2
sardegna,Utenti del 1522,maschi,omosessuale,2019,3
sardegna,Utenti del 1522,maschi,omosessuale,2020,2
sardegna,Utenti del 1522,maschi,omosessuale,2021,1
sardegna,Utenti del 1522,maschi,transessuale,2019,2
sardegna,Utenti del 1522,maschi,transessuale,2021,1
sardegna,Utenti del 1522,maschi,missing,2023,92
sardegna,Utenti del 1522,maschi,missing,2024,122
sardegna,Utenti del 1522,maschi,altro o non indicato,2015,67
sardegna,Utenti del 1522,maschi,altro o non indicato,2016,41
sardegna,Utenti del 1522,maschi,altro o non indicato,2017,42
sardegna,Utenti del 1522,maschi,altro o non indicato,2018,55
sardegna,Utenti del 1522,maschi,altro o non indicato,2019,43
sardegna,Utenti del 1522,maschi,altro o non indicato,2020,84
sardegna,Utenti del 1522,maschi,altro o non indicato,2021,76
sardegna,Utenti del 1522,maschi,altro o non indicato,2022,58
sardegna,Utenti del 1522,femmine,omosessuale,2016,1
sardegna,Utenti del 1522,femmine,omosessuale,2020,2
sardegna,Utenti del 1522,femmine,omosessuale,2021,2
sardegna,Utenti del 1522,femmine,transessuale,2017,1
sardegna,Utenti del 1522,femmine,transessuale,2020,2
sardegna,Utenti del 1522,femmine,transessuale,2021,2
sardegna,Utenti del 1522,femmine,transessuale,2022,1
sardegna,Utenti del 1522,femmine,missing,2023,705
sardegna,Utenti del 1522,femmine,missing,2024,860
sardegna,Utenti del 1522,femmine,altro o non indicato,2015,520
sardegna,Utenti del 1522,femmine,altro o non indicato,2016,527
sardegna,Utenti del 1522,femmine,altro o non indicato,2017,456
sardegna,Utenti del 1522,femmine,altro o non indicato,2018,549
sardegna,Utenti del 1522,femmine,altro o non indicato,2019,449
sardegna,Utenti del 1522,femmine,altro o non indicato,2020,551
sardegna,Utenti del 1522,femmine,altro o non indicato,2021,708
sardegna,Utenti del 1522,femmine,altro o non indicato,2022,661
sardegna,Utenti del 1522,non indicato,missing,2023,4
sardegna,Utenti del 1522,non indicato,missing,2024,1
non indicato,Utenti del 1522,maschi,omosessuale,2015,2
non indicato,Utenti del 1522,maschi,omosessuale,2016,6
non indicato,Utenti del 1522,maschi,omosessuale,2017,10
non indicato,Utenti del 1522,maschi,omosessuale,2018,8
non indicato,Utenti del 1522,maschi,omosessuale,2019,7
non indicato,Utenti del 1522,maschi,omosessuale,2020,21
non indicato,Utenti del 1522,maschi,omosessuale,2021,22
non indicato,Utenti del 1522,maschi,omosessuale,2022,22
non indicato,Utenti del 1522,maschi,transessuale,2015,5
non indicato,Utenti del 1522,maschi,transessuale,2016,1
non indicato,Utenti del 1522,maschi,transessuale,2017,8
non indicato,Utenti del 1522,maschi,transessuale,2018,6
non indicato,Utenti del 1522,maschi,transessuale,2019,2
non indicato,Utenti del 1522,maschi,transessuale,2020,14
non indicato,Utenti del 1522,maschi,transessuale,2021,13
non indicato,Utenti del 1522,maschi,transessuale,2022,6
non indicato,Utenti del 1522,maschi,missing,2023,2421
non indicato,Utenti del 1522,maschi,missing,2024,3575
non indicato,Utenti del 1522,maschi,altro o non indicato,2015,292
non indicato,Utenti del 1522,maschi,altro o non indicato,2016,220
non indicato,Utenti del 1522,maschi,altro o non indicato,2017,421
non indicato,Utenti del 1522,maschi,altro o non indicato,2018,534
non indicato,Utenti del 1522,maschi,altro o non indicato,2019,299
non indicato,Utenti del 1522,maschi,altro o non indicato,2020,842
non indicato,Utenti del 1522,maschi,altro o non indicato,2021,1572
non indicato,Utenti del 1522,maschi,altro o non indicato,2022,1429
non indicato,Utenti del 1522,femmine,omosessuale,2016,1
non indicato,Utenti del 1522,femmine,omosessuale,2019,3
non indicato,Utenti del 1522,femmine,omosessuale,2020,15
non indicato,Utenti del 1522,femmine,omosessuale,2021,17
non indicato,Utenti del 1522,femmine,omosessuale,2022,13
non indicato,Utenti del 1522,femmine,transessuale,2015,4
non indicato,Utenti del 1522,femmine,transessuale,2016,1
non indicato,Utenti del 1522,femmine,transessuale,2017,7
non indicato,Utenti del 1522,femmine,transessuale,2018,6
non indicato,Utenti del 1522,femmine,transessuale,2019,2
non indicato,Utenti del 1522,femmine,transessuale,2020,43
non indicato,Utenti del 1522,femmine,transessuale,2021,24
non indicato,Utenti del 1522,femmine,transessuale,2022,21
non indicato,Utenti del 1522,femmine,missing,2023,12067
non indicato,Utenti del 1522,femmine,missing,2024,14397
non indicato,Utenti del 1522,femmine,altro o non indicato,2015,1371
non indicato,Utenti del 1522,femmine,altro o non indicato,2016,1176
non indicato,Utenti del 1522,femmine,altro o non indicato,2017,2163
non indicato,Utenti del 1522,femmine,altro o non indicato,2018,2640
non indicato,Utenti del 1522,femmine,altro o non indicato,2019,1780
non indicato,Utenti del 1522,femmine,altro o non indicato,2020,5985
non indicato,Utenti del 1522,femmine,altro o non indicato,2021,8621
non indicato,Utenti del 1522,femmine,altro o non indicato,2022,7270
non indicato,Utenti del 1522,non indicato,missing,2023,4151
non indicato,Utenti del 1522,non indicato,missing,2024,4480
non indicato,Utenti del 1522,non indicato,altro o non indicato,2015,1
non indicato,Utenti del 1522,non indicato,altro o non indicato,2019,2
non indicato,Utenti del 1522,non indicato,altro o non indicato,2020,9
non indicato,Utenti del 1522,non indicato,altro o non indicato,2021,11
non indicato,Utenti del 1522,non indicato,altro o non indicato,2022,15
