territorio,indicatore,sesso,presenza_disabilità,periodo,numero_vittime
italia,Utenti del 1522,maschi,no,2015,1772
italia,Utenti del 1522,maschi,no,2016,1363
italia,Utenti del 1522,maschi,no,2017,1787
italia,Utenti del 1522,maschi,no,2018,2334
italia,Utenti del 1522,maschi,no,2019,2184
italia,Utenti del 1522,maschi,no,2020,2466
italia,Utenti del 1522,maschi,no,2021,1883
italia,Utenti del 1522,maschi,no,2022,1585
italia,Utenti del 1522,maschi,no,2023,419
italia,Utenti del 1522,maschi,no,2024,657
italia,Utenti del 1522,maschi,si,2015,102
italia,Utenti del 1522,maschi,si,2016,83
italia,Utenti del 1522,maschi,si,2017,114
italia,Utenti del 1522,maschi,si,2018,107
italia,Utenti del 1522,maschi,si,2019,61
italia,Utenti del 1522,maschi,si,2020,167
italia,Utenti del 1522,maschi,si,2021,350
italia,Utenti del 1522,maschi,si,2022,207
italia,Utenti del 1522,maschi,si,2023,441
italia,Utenti del 1522,maschi,si,2024,154
italia,Utenti del 1522,maschi,non indicato,2015,327
italia,Utenti del 1522,maschi,non indicato,2016,244
italia,Utenti del 1522,maschi,non indicato,2017,218
italia,Utenti del 1522,maschi,non indicato,2018,116
italia,Utenti del 1522,maschi,non indicato,2019,97
italia,Utenti del 1522,maschi,non indicato,2020,770
italia,Utenti del 1522,maschi,non indicato,2021,1775
italia,Utenti del 1522,maschi,non indicato,2022,2056
italia,Utenti del 1522,maschi,non indicato,2023,5294
italia,Utenti del 1522,maschi,non indicato,2024,7467
italia,Utenti del 1522,femmine,no,2015,14948
italia,Utenti del 1522,femmine,no,2016,13897
italia,Utenti del 1522,femmine,no,2017,13783
italia,Utenti del 1522,femmine,no,2018,19753
italia,Utenti del 1522,femmine,no,2019,18040
italia,Utenti del 1522,femmine,no,2020,20657
italia,Utenti del 1522,femmine,no,2021,16615
italia,Utenti del 1522,femmine,no,2022,14619
italia,Utenti del 1522,femmine,no,2023,7689
italia,Utenti del 1522,femmine,no,2024,13283
italia,Utenti del 1522,femmine,si,2015,357
italia,Utenti del 1522,femmine,si,2016,429
italia,Utenti del 1522,femmine,si,2017,343
italia,Utenti del 1522,femmine,si,2018,398
italia,Utenti del 1522,femmine,si,2019,443
italia,Utenti del 1522,femmine,si,2020,1502
italia,Utenti del 1522,femmine,si,2021,3004
italia,Utenti del 1522,femmine,si,2022,1592
italia,Utenti del 1522,femmine,si,2023,6282
italia,Utenti del 1522,femmine,si,2024,1878
italia,Utenti del 1522,femmine,non indicato,2015,2199
italia,Utenti del 1522,femmine,non indicato,2016,1618
italia,Utenti del 1522,femmine,non indicato,2017,1371
italia,Utenti del 1522,femmine,non indicato,2018,525
italia,Utenti del 1522,femmine,non indicato,2019,463
italia,Utenti del 1522,femmine,non indicato,2020,6117
italia,Utenti del 1522,femmine,non indicato,2021,12398
italia,Utenti del 1522,femmine,non indicato,2022,12356
italia,Utenti del 1522,femmine,non indicato,2023,27264
italia,Utenti del 1522,femmine,non indicato,2024,37005
italia,Utenti del 1522,non indicato,no,2023,11
italia,Utenti del 1522,non indicato,no,2024,14
italia,Utenti del 1522,non indicato,si,2023,68
italia,Utenti del 1522,non indicato,si,2024,28
italia,Utenti del 1522,non indicato,non indicato,2015,1
italia,Utenti del 1522,non indicato,non indicato,2019,2
italia,Utenti del 1522,non indicato,non indicato,2020,9
italia,Utenti del 1522,non indicato,non indicato,2021,11
italia,Utenti del 1522,non indicato,non indicato,2022,15
italia,Utenti del 1522,non indicato,non indicato,2023,4245
italia,Utenti del 1522,non indicato,non indicato,2024,4562
nord ovest,Utenti del 1522,maschi,no,2015,348
nord ovest,Utenti del 1522,maschi,no,2016,349
nord ovest,Utenti del 1522,maschi,no,2017,396
nord ovest,Utenti del 1522,maschi,no,2018,448
nord ovest,Utenti del 1522,maschi,no,2019,477
nord ovest,Utenti del 1522,maschi,no,2020,528
nord ovest,Utenti del 1522,maschi,no,2021,352
nord ovest,Utenti del 1522,maschi,no,2022,293
nord ovest,Utenti del 1522,maschi,no,2023,116
nord ovest,Utenti del 1522,maschi,no,2024,158
nord ovest,Utenti del 1522,maschi,si,2015,18
nord ovest,Utenti del 1522,maschi,si,2016,20
nord ovest,Utenti del 1522,maschi,si,2017,24
nord ovest,Utenti del 1522,maschi,si,2018,23
nord ovest,Utenti del 1522,maschi,si,2019,7
nord ovest,Utenti del 1522,maschi,si,2020,33
nord ovest,Utenti del 1522,maschi,si,2021,43
nord ovest,Utenti del 1522,maschi,si,2022,27
nord ovest,Utenti del 1522,maschi,si,2023,71
nord ovest,Utenti del 1522,maschi,si,2024,34
nord ovest,Utenti del 1522,maschi,non indicato,2015,67
nord ovest,Utenti del 1522,maschi,non indicato,2016,50
nord ovest,Utenti del 1522,maschi,non indicato,2017,48
nord ovest,Utenti del 1522,maschi,non indicato,2018,20
nord ovest,Utenti del 1522,maschi,non indicato,2019,14
nord ovest,Utenti del 1522,maschi,non indicato,2020,84
nord ovest,Utenti del 1522,maschi,non indicato,2021,183
nord ovest,Utenti del 1522,maschi,non indicato,2022,304
nord ovest,Utenti del 1522,maschi,non indicato,2023,744
nord ovest,Utenti del 1522,maschi,non indicato,2024,949
nord ovest,Utenti del 1522,femmine,no,2015,3725
nord ovest,Utenti del 1522,femmine,no,2016,3736
nord ovest,Utenti del 1522,femmine,no,2017,3422
nord ovest,Utenti del 1522,femmine,no,2018,4637
nord ovest,Utenti del 1522,femmine,no,2019,4372
nord ovest,Utenti del 1522,femmine,no,2020,4807
nord ovest,Utenti del 1522,femmine,no,2021,3500
nord ovest,Utenti del 1522,femmine,no,2022,3241
nord ovest,Utenti del 1522,femmine,no,2023,1901
nord ovest,Utenti del 1522,femmine,no,2024,3652
nord ovest,Utenti del 1522,femmine,si,2015,88
nord ovest,Utenti del 1522,femmine,si,2016,87
nord ovest,Utenti del 1522,femmine,si,2017,87
nord ovest,Utenti del 1522,femmine,si,2018,95
nord ovest,Utenti del 1522,femmine,si,2019,99
nord ovest,Utenti del 1522,femmine,si,2020,314
nord ovest,Utenti del 1522,femmine,si,2021,496
nord ovest,Utenti del 1522,femmine,si,2022,264
nord ovest,Utenti del 1522,femmine,si,2023,1381
nord ovest,Utenti del 1522,femmine,si,2024,440
nord ovest,Utenti del 1522,femmine,non indicato,2015,553
nord ovest,Utenti del 1522,femmine,non indicato,2016,384
nord ovest,Utenti del 1522,femmine,non indicato,2017,260
nord ovest,Utenti del 1522,femmine,non indicato,2018,66
nord ovest,Utenti del 1522,femmine,non indicato,2019,56
nord ovest,Utenti del 1522,femmine,non indicato,2020,858
nord ovest,Utenti del 1522,femmine,non indicato,2021,1822
nord ovest,Utenti del 1522,femmine,non indicato,2022,1962
nord ovest,Utenti del 1522,femmine,non indicato,2023,4410
nord ovest,Utenti del 1522,femmine,non indicato,2024,6383
nord ovest,Utenti del 1522,non indicato,no,2023,1
nord ovest,Utenti del 1522,non indicato,no,2024,2
nord ovest,Utenti del 1522,non indicato,si,2023,10
nord ovest,Utenti del 1522,non indicato,si,2024,7
nord ovest,Utenti del 1522,non indicato,non indicato,2023,31
nord ovest,Utenti del 1522,non indicato,non indicato,2024,33
piemonte,Utenti del 1522,maschi,no,2015,117
piemonte,Utenti del 1522,maschi,no,2016,119
piemonte,Utenti del 1522,maschi,no,2017,147
piemonte,Utenti del 1522,maschi,no,2018,125
piemonte,Utenti del 1522,maschi,no,2019,144
piemonte,Utenti del 1522,maschi,no,2020,136
piemonte,Utenti del 1522,maschi,no,2021,104
piemonte,Utenti del 1522,maschi,no,2022,73
piemonte,Utenti del 1522,maschi,no,2023,28
piemonte,Utenti del 1522,maschi,no,2024,47
piemonte,Utenti del 1522,maschi,si,2015,5
piemonte,Utenti del 1522,maschi,si,2016,6
piemonte,Utenti del 1522,maschi,si,2017,13
piemonte,Utenti del 1522,maschi,si,2018,3
piemonte,Utenti del 1522,maschi,si,2019,3
piemonte,Utenti del 1522,maschi,si,2020,7
piemonte,Utenti del 1522,maschi,si,2021,8
piemonte,Utenti del 1522,maschi,si,2022,7
piemonte,Utenti del 1522,maschi,si,2023,15
piemonte,Utenti del 1522,maschi,si,2024,10
piemonte,Utenti del 1522,maschi,non indicato,2015,27
piemonte,Utenti del 1522,maschi,non indicato,2016,19
piemonte,Utenti del 1522,maschi,non indicato,2017,16
piemonte,Utenti del 1522,maschi,non indicato,2018,8
piemonte,Utenti del 1522,maschi,non indicato,2019,3
piemonte,Utenti del 1522,maschi,non indicato,2020,28
piemonte,Utenti del 1522,maschi,non indicato,2021,53
piemonte,Utenti del 1522,maschi,non indicato,2022,83
piemonte,Utenti del 1522,maschi,non indicato,2023,196
piemonte,Utenti del 1522,maschi,non indicato,2024,242
piemonte,Utenti del 1522,femmine,no,2015,1165
piemonte,Utenti del 1522,femmine,no,2016,1182
piemonte,Utenti del 1522,femmine,no,2017,1004
piemonte,Utenti del 1522,femmine,no,2018,1376
piemonte,Utenti del 1522,femmine,no,2019,1299
piemonte,Utenti del 1522,femmine,no,2020,1352
piemonte,Utenti del 1522,femmine,no,2021,970
piemonte,Utenti del 1522,femmine,no,2022,889
piemonte,Utenti del 1522,femmine,no,2023,480
piemonte,Utenti del 1522,femmine,no,2024,907
piemonte,Utenti del 1522,femmine,si,2015,34
piemonte,Utenti del 1522,femmine,si,2016,27
piemonte,Utenti del 1522,femmine,si,2017,34
piemonte,Utenti del 1522,femmine,si,2018,23
piemonte,Utenti del 1522,femmine,si,2019,30
piemonte,Utenti del 1522,femmine,si,2020,99
piemonte,Utenti del 1522,femmine,si,2021,174
piemonte,Utenti del 1522,femmine,si,2022,78
piemonte,Utenti del 1522,femmine,si,2023,402
piemonte,Utenti del 1522,femmine,si,2024,99
piemonte,Utenti del 1522,femmine,non indicato,2015,166
piemonte,Utenti del 1522,femmine,non indicato,2016,110
piemonte,Utenti del 1522,femmine,non indicato,2017,69
piemonte,Utenti del 1522,femmine,non indicato,2018,19
piemonte,Utenti del 1522,femmine,non indicato,2019,17
piemonte,Utenti del 1522,femmine,non indicato,2020,248
piemonte,Utenti del 1522,femmine,non indicato,2021,471
piemonte,Utenti del 1522,femmine,non indicato,2022,538
piemonte,Utenti del 1522,femmine,non indicato,2023,1274
piemonte,Utenti del 1522,femmine,non indicato,2024,1728
piemonte,Utenti del 1522,non indicato,no,2024,1
piemonte,Utenti del 1522,non indicato,si,2023,5
piemonte,Utenti del 1522,non indicato,si,2024,3
piemonte,Utenti del 1522,non indicato,non indicato,2023,3
piemonte,Utenti del 1522,non indicato,non indicato,2024,7
liguria,Utenti del 1522,maschi,no,2015,37
liguria,Utenti del 1522,maschi,no,2016,28
liguria,Utenti del 1522,maschi,no,2017,28
liguria,Utenti del 1522,maschi,no,2018,41
liguria,Utenti del 1522,maschi,no,2019,38
liguria,Utenti del 1522,maschi,no,2020,48
liguria,Utenti del 1522,maschi,no,2021,28
liguria,Utenti del 1522,maschi,no,2022,24
liguria,Utenti del 1522,maschi,no,2023,9
liguria,Utenti del 1522,maschi,no,2024,15
liguria,Utenti del 1522,maschi,si,2015,3
liguria,Utenti del 1522,maschi,si,2016,1
liguria,Utenti del 1522,maschi,si,2018,2
liguria,Utenti del 1522,maschi,si,2020,6
liguria,Utenti del 1522,maschi,si,2021,5
liguria,Utenti del 1522,maschi,si,2023,6
liguria,Utenti del 1522,maschi,si,2024,2
liguria,Utenti del 1522,maschi,non indicato,2015,7
liguria,Utenti del 1522,maschi,non indicato,2016,2
liguria,Utenti del 1522,maschi,non indicato,2017,1
liguria,Utenti del 1522,maschi,non indicato,2018,1
liguria,Utenti del 1522,maschi,non indicato,2019,1
liguria,Utenti del 1522,maschi,non indicato,2020,11
liguria,Utenti del 1522,maschi,non indicato,2021,13
liguria,Utenti del 1522,maschi,non indicato,2022,30
liguria,Utenti del 1522,maschi,non indicato,2023,90
liguria,Utenti del 1522,maschi,non indicato,2024,86
liguria,Utenti del 1522,femmine,no,2015,424
liguria,Utenti del 1522,femmine,no,2016,412
liguria,Utenti del 1522,femmine,no,2017,338
liguria,Utenti del 1522,femmine,no,2018,465
liguria,Utenti del 1522,femmine,no,2019,442
liguria,Utenti del 1522,femmine,no,2020,424
liguria,Utenti del 1522,femmine,no,2021,315
liguria,Utenti del 1522,femmine,no,2022,310
liguria,Utenti del 1522,femmine,no,2023,151
liguria,Utenti del 1522,femmine,no,2024,293
liguria,Utenti del 1522,femmine,si,2015,8
liguria,Utenti del 1522,femmine,si,2016,11
liguria,Utenti del 1522,femmine,si,2017,7
liguria,Utenti del 1522,femmine,si,2018,11
liguria,Utenti del 1522,femmine,si,2019,10
liguria,Utenti del 1522,femmine,si,2020,38
liguria,Utenti del 1522,femmine,si,2021,60
liguria,Utenti del 1522,femmine,si,2022,25
liguria,Utenti del 1522,femmine,si,2023,104
liguria,Utenti del 1522,femmine,si,2024,41
liguria,Utenti del 1522,femmine,non indicato,2015,69
liguria,Utenti del 1522,femmine,non indicato,2016,43
liguria,Utenti del 1522,femmine,non indicato,2017,21
liguria,Utenti del 1522,femmine,non indicato,2018,7
liguria,Utenti del 1522,femmine,non indicato,2019,2
liguria,Utenti del 1522,femmine,non indicato,2020,85
liguria,Utenti del 1522,femmine,non indicato,2021,215
liguria,Utenti del 1522,femmine,non indicato,2022,191
liguria,Utenti del 1522,femmine,non indicato,2023,399
liguria,Utenti del 1522,femmine,non indicato,2024,540
liguria,Utenti del 1522,non indicato,no,2023,1
liguria,Utenti del 1522,non indicato,si,2024,1
liguria,Utenti del 1522,non indicato,non indicato,2023,2
liguria,Utenti del 1522,non indicato,non indicato,2024,3
lombardia,Utenti del 1522,maschi,no,2015,192
lombardia,Utenti del 1522,maschi,no,2016,202
lombardia,Utenti del 1522,maschi,no,2017,220
lombardia,Utenti del 1522,maschi,no,2018,279
lombardia,Utenti del 1522,maschi,no,2019,293
lombardia,Utenti del 1522,maschi,no,2020,340
lombardia,Utenti del 1522,maschi,no,2021,219
lombardia,Utenti del 1522,maschi,no,2022,196
lombardia,Utenti del 1522,maschi,no,2023,79
lombardia,Utenti del 1522,maschi,no,2024,93
lombardia,Utenti del 1522,maschi,si,2015,10
lombardia,Utenti del 1522,maschi,si,2016,13
lombardia,Utenti del 1522,maschi,si,2017,11
lombardia,Utenti del 1522,maschi,si,2018,18
lombardia,Utenti del 1522,maschi,si,2019,4
lombardia,Utenti del 1522,maschi,si,2020,20
lombardia,Utenti del 1522,maschi,si,2021,29
lombardia,Utenti del 1522,maschi,si,2022,20
lombardia,Utenti del 1522,maschi,si,2023,50
lombardia,Utenti del 1522,maschi,si,2024,22
lombardia,Utenti del 1522,maschi,non indicato,2015,33
lombardia,Utenti del 1522,maschi,non indicato,2016,28
lombardia,Utenti del 1522,maschi,non indicato,2017,31
lombardia,Utenti del 1522,maschi,non indicato,2018,11
lombardia,Utenti del 1522,maschi,non indicato,2019,10
lombardia,Utenti del 1522,maschi,non indicato,2020,45
lombardia,Utenti del 1522,maschi,non indicato,2021,115
lombardia,Utenti del 1522,maschi,non indicato,2022,187
lombardia,Utenti del 1522,maschi,non indicato,2023,448
lombardia,Utenti del 1522,maschi,non indicato,2024,618
lombardia,Utenti del 1522,femmine,no,2015,2123
lombardia,Utenti del 1522,femmine,no,2016,2126
lombardia,Utenti del 1522,femmine,no,2017,2065
lombardia,Utenti del 1522,femmine,no,2018,2777
lombardia,Utenti del 1522,femmine,no,2019,2619
lombardia,Utenti del 1522,femmine,no,2020,3014
lombardia,Utenti del 1522,femmine,no,2021,2209
lombardia,Utenti del 1522,femmine,no,2022,2030
lombardia,Utenti del 1522,femmine,no,2023,1269
lombardia,Utenti del 1522,femmine,no,2024,2437
lombardia,Utenti del 1522,femmine,si,2015,46
lombardia,Utenti del 1522,femmine,si,2016,49
lombardia,Utenti del 1522,femmine,si,2017,46
lombardia,Utenti del 1522,femmine,si,2018,61
lombardia,Utenti del 1522,femmine,si,2019,59
lombardia,Utenti del 1522,femmine,si,2020,175
lombardia,Utenti del 1522,femmine,si,2021,262
lombardia,Utenti del 1522,femmine,si,2022,161
lombardia,Utenti del 1522,femmine,si,2023,870
lombardia,Utenti del 1522,femmine,si,2024,295
lombardia,Utenti del 1522,femmine,non indicato,2015,314
lombardia,Utenti del 1522,femmine,non indicato,2016,230
lombardia,Utenti del 1522,femmine,non indicato,2017,169
lombardia,Utenti del 1522,femmine,non indicato,2018,40
lombardia,Utenti del 1522,femmine,non indicato,2019,36
lombardia,Utenti del 1522,femmine,non indicato,2020,519
lombardia,Utenti del 1522,femmine,non indicato,2021,1129
lombardia,Utenti del 1522,femmine,non indicato,2022,1223
lombardia,Utenti del 1522,femmine,non indicato,2023,2713
lombardia,Utenti del 1522,femmine,non indicato,2024,4075
lombardia,Utenti del 1522,non indicato,no,2024,1
lombardia,Utenti del 1522,non indicato,si,2023,5
lombardia,Utenti del 1522,non indicato,si,2024,3
lombardia,Utenti del 1522,non indicato,non indicato,2023,26
lombardia,Utenti del 1522,non indicato,non indicato,2024,23
nord est,Utenti del 1522,maschi,no,2015,231
nord est,Utenti del 1522,maschi,no,2016,173
nord est,Utenti del 1522,maschi,no,2017,182
nord est,Utenti del 1522,maschi,no,2018,273
nord est,Utenti del 1522,maschi,no,2019,286
nord est,Utenti del 1522,maschi,no,2020,316
nord est,Utenti del 1522,maschi,no,2021,230
nord est,Utenti del 1522,maschi,no,2022,175
nord est,Utenti del 1522,maschi,no,2023,74
nord est,Utenti del 1522,maschi,no,2024,101
nord est,Utenti del 1522,maschi,si,2015,12
nord est,Utenti del 1522,maschi,si,2016,6
nord est,Utenti del 1522,maschi,si,2017,13
nord est,Utenti del 1522,maschi,si,2018,16
nord est,Utenti del 1522,maschi,si,2019,12
nord est,Utenti del 1522,maschi,si,2020,21
nord est,Utenti del 1522,maschi,si,2021,51
nord est,Utenti del 1522,maschi,si,2022,18
nord est,Utenti del 1522,maschi,si,2023,60
nord est,Utenti del 1522,maschi,si,2024,15
nord est,Utenti del 1522,maschi,non indicato,2015,25
nord est,Utenti del 1522,maschi,non indicato,2016,28
nord est,Utenti del 1522,maschi,non indicato,2017,20
nord est,Utenti del 1522,maschi,non indicato,2018,9
nord est,Utenti del 1522,maschi,non indicato,2019,10
nord est,Utenti del 1522,maschi,non indicato,2020,67
nord est,Utenti del 1522,maschi,non indicato,2021,157
nord est,Utenti del 1522,maschi,non indicato,2022,177
nord est,Utenti del 1522,maschi,non indicato,2023,548
nord est,Utenti del 1522,maschi,non indicato,2024,744
nord est,Utenti del 1522,femmine,no,2015,2011
nord est,Utenti del 1522,femmine,no,2016,1742
nord est,Utenti del 1522,femmine,no,2017,1690
nord est,Utenti del 1522,femmine,no,2018,2561
nord est,Utenti del 1522,femmine,no,2019,2661
nord est,Utenti del 1522,femmine,no,2020,2876
nord est,Utenti del 1522,femmine,no,2021,2363
nord est,Utenti del 1522,femmine,no,2022,2163
nord est,Utenti del 1522,femmine,no,2023,1248
nord est,Utenti del 1522,femmine,no,2024,2561
nord est,Utenti del 1522,femmine,si,2015,49
nord est,Utenti del 1522,femmine,si,2016,65
nord est,Utenti del 1522,femmine,si,2017,36
nord est,Utenti del 1522,femmine,si,2018,57
nord est,Utenti del 1522,femmine,si,2019,80
nord est,Utenti del 1522,femmine,si,2020,184
nord est,Utenti del 1522,femmine,si,2021,344
nord est,Utenti del 1522,femmine,si,2022,157
nord est,Utenti del 1522,femmine,si,2023,847
nord est,Utenti del 1522,femmine,si,2024,301
nord est,Utenti del 1522,femmine,non indicato,2015,244
nord est,Utenti del 1522,femmine,non indicato,2016,191
nord est,Utenti del 1522,femmine,non indicato,2017,130
nord est,Utenti del 1522,femmine,non indicato,2018,40
nord est,Utenti del 1522,femmine,non indicato,2019,35
nord est,Utenti del 1522,femmine,non indicato,2020,553
nord est,Utenti del 1522,femmine,non indicato,2021,1261
nord est,Utenti del 1522,femmine,non indicato,2022,1360
nord est,Utenti del 1522,femmine,non indicato,2023,3835
nord est,Utenti del 1522,femmine,non indicato,2024,4750
nord est,Utenti del 1522,non indicato,no,2024,6
nord est,Utenti del 1522,non indicato,si,2023,3
nord est,Utenti del 1522,non indicato,non indicato,2023,23
nord est,Utenti del 1522,non indicato,non indicato,2024,20
trentino alto adige,Utenti del 1522,maschi,no,2015,21
trentino alto adige,Utenti del 1522,maschi,no,2016,12
trentino alto adige,Utenti del 1522,maschi,no,2017,9
trentino alto adige,Utenti del 1522,maschi,no,2018,9
trentino alto adige,Utenti del 1522,maschi,no,2019,8
trentino alto adige,Utenti del 1522,maschi,no,2020,27
trentino alto adige,Utenti del 1522,maschi,no,2021,9
trentino alto adige,Utenti del 1522,maschi,no,2022,9
trentino alto adige,Utenti del 1522,maschi,no,2023,5
trentino alto adige,Utenti del 1522,maschi,no,2024,10
trentino alto adige,Utenti del 1522,maschi,si,2015,2
trentino alto adige,Utenti del 1522,maschi,si,2018,1
trentino alto adige,Utenti del 1522,maschi,si,2019,1
trentino alto adige,Utenti del 1522,maschi,si,2020,4
trentino alto adige,Utenti del 1522,maschi,si,2021,15
trentino alto adige,Utenti del 1522,maschi,si,2022,4
trentino alto adige,Utenti del 1522,maschi,si,2023,6
trentino alto adige,Utenti del 1522,maschi,si,2024,2
trentino alto adige,Utenti del 1522,maschi,non indicato,2015,2
trentino alto adige,Utenti del 1522,maschi,non indicato,2016,2
trentino alto adige,Utenti del 1522,maschi,non indicato,2017,3
trentino alto adige,Utenti del 1522,maschi,non indicato,2020,7
trentino alto adige,Utenti del 1522,maschi,non indicato,2021,7
trentino alto adige,Utenti del 1522,maschi,non indicato,2022,15
trentino alto adige,Utenti del 1522,maschi,non indicato,2023,51
trentino alto adige,Utenti del 1522,maschi,non indicato,2024,35
trentino alto adige,Utenti del 1522,femmine,no,2015,90
trentino alto adige,Utenti del 1522,femmine,no,2016,95
trentino alto adige,Utenti del 1522,femmine,no,2017,71
trentino alto adige,Utenti del 1522,femmine,no,2018,162
trentino alto adige,Utenti del 1522,femmine,no,2019,173
trentino alto adige,Utenti del 1522,femmine,no,2020,179
trentino alto adige,Utenti del 1522,femmine,no,2021,162
trentino alto adige,Utenti del 1522,femmine,no,2022,128
trentino alto adige,Utenti del 1522,femmine,no,2023,84
trentino alto adige,Utenti del 1522,femmine,no,2024,128
trentino alto adige,Utenti del 1522,femmine,si,2015,4
trentino alto adige,Utenti del 1522,femmine,si,2016,4
trentino alto adige,Utenti del 1522,femmine,si,2017,3
trentino alto adige,Utenti del 1522,femmine,si,2018,2
trentino alto adige,Utenti del 1522,femmine,si,2019,7
trentino alto adige,Utenti del 1522,femmine,si,2020,4
trentino alto adige,Utenti del 1522,femmine,si,2021,20
trentino alto adige,Utenti del 1522,femmine,si,2022,13
trentino alto adige,Utenti del 1522,femmine,si,2023,49
trentino alto adige,Utenti del 1522,femmine,si,2024,12
trentino alto adige,Utenti del 1522,femmine,non indicato,2015,20
trentino alto adige,Utenti del 1522,femmine,non indicato,2016,14
trentino alto adige,Utenti del 1522,femmine,non indicato,2017,5
trentino alto adige,Utenti del 1522,femmine,non indicato,2018,1
trentino alto adige,Utenti del 1522,femmine,non indicato,2019,1
trentino alto adige,Utenti del 1522,femmine,non indicato,2020,27
trentino alto adige,Utenti del 1522,femmine,non indicato,2021,70
trentino alto adige,Utenti del 1522,femmine,non indicato,2022,78
trentino alto adige,Utenti del 1522,femmine,non indicato,2023,174
trentino alto adige,Utenti del 1522,femmine,non indicato,2024,248
trentino alto adige,Utenti del 1522,non indicato,non indicato,2023,2
trentino alto adige,Utenti del 1522,non indicato,non indicato,2024,3
veneto,Utenti del 1522,maschi,no,2015,97
veneto,Utenti del 1522,maschi,no,2016,76
veneto,Utenti del 1522,maschi,no,2017,78
veneto,Utenti del 1522,maschi,no,2018,142
veneto,Utenti del 1522,maschi,no,2019,140
veneto,Utenti del 1522,maschi,no,2020,148
veneto,Utenti del 1522,maschi,no,2021,118
veneto,Utenti del 1522,maschi,no,2022,90
veneto,Utenti del 1522,maschi,no,2023,33
veneto,Utenti del 1522,maschi,no,2024,42
veneto,Utenti del 1522,maschi,si,2015,6
veneto,Utenti del 1522,maschi,si,2016,4
veneto,Utenti del 1522,maschi,si,2017,6
veneto,Utenti del 1522,maschi,si,2018,2
veneto,Utenti del 1522,maschi,si,2019,5
veneto,Utenti del 1522,maschi,si,2020,6
veneto,Utenti del 1522,maschi,si,2021,16
veneto,Utenti del 1522,maschi,si,2022,2
veneto,Utenti del 1522,maschi,si,2023,25
veneto,Utenti del 1522,maschi,si,2024,7
veneto,Utenti del 1522,maschi,non indicato,2015,16
veneto,Utenti del 1522,maschi,non indicato,2016,12
veneto,Utenti del 1522,maschi,non indicato,2017,9
veneto,Utenti del 1522,maschi,non indicato,2018,5
veneto,Utenti del 1522,maschi,non indicato,2019,7
veneto,Utenti del 1522,maschi,non indicato,2020,38
veneto,Utenti del 1522,maschi,non indicato,2021,79
veneto,Utenti del 1522,maschi,non indicato,2022,87
veneto,Utenti del 1522,maschi,non indicato,2023,245
veneto,Utenti del 1522,maschi,non indicato,2024,333
veneto,Utenti del 1522,femmine,no,2015,953
veneto,Utenti del 1522,femmine,no,2016,762
veneto,Utenti del 1522,femmine,no,2017,826
veneto,Utenti del 1522,femmine,no,2018,1157
veneto,Utenti del 1522,femmine,no,2019,1274
veneto,Utenti del 1522,femmine,no,2020,1284
veneto,Utenti del 1522,femmine,no,2021,1130
veneto,Utenti del 1522,femmine,no,2022,1030
veneto,Utenti del 1522,femmine,no,2023,598
veneto,Utenti del 1522,femmine,no,2024,1187
veneto,Utenti del 1522,femmine,si,2015,21
veneto,Utenti del 1522,femmine,si,2016,26
veneto,Utenti del 1522,femmine,si,2017,16
veneto,Utenti del 1522,femmine,si,2018,36
veneto,Utenti del 1522,femmine,si,2019,43
veneto,Utenti del 1522,femmine,si,2020,91
veneto,Utenti del 1522,femmine,si,2021,156
veneto,Utenti del 1522,femmine,si,2022,71
veneto,Utenti del 1522,femmine,si,2023,381
veneto,Utenti del 1522,femmine,si,2024,141
veneto,Utenti del 1522,femmine,non indicato,2015,112
veneto,Utenti del 1522,femmine,non indicato,2016,79
veneto,Utenti del 1522,femmine,non indicato,2017,62
veneto,Utenti del 1522,femmine,non indicato,2018,17
veneto,Utenti del 1522,femmine,non indicato,2019,17
veneto,Utenti del 1522,femmine,non indicato,2020,257
veneto,Utenti del 1522,femmine,non indicato,2021,610
veneto,Utenti del 1522,femmine,non indicato,2022,608
veneto,Utenti del 1522,femmine,non indicato,2023,1382
veneto,Utenti del 1522,femmine,non indicato,2024,1961
veneto,Utenti del 1522,non indicato,no,2024,3
veneto,Utenti del 1522,non indicato,si,2023,2
veneto,Utenti del 1522,non indicato,non indicato,2023,5
veneto,Utenti del 1522,non indicato,non indicato,2024,8
friuli venezia giulia,Utenti del 1522,maschi,no,2015,20
friuli venezia giulia,Utenti del 1522,maschi,no,2016,12
friuli venezia giulia,Utenti del 1522,maschi,no,2017,27
friuli venezia giulia,Utenti del 1522,maschi,no,2018,26
friuli venezia giulia,Utenti del 1522,maschi,no,2019,24
friuli venezia giulia,Utenti del 1522,maschi,no,2020,21
friuli venezia giulia,Utenti del 1522,maschi,no,2021,17
friuli venezia giulia,Utenti del 1522,maschi,no,2022,14
friuli venezia giulia,Utenti del 1522,maschi,no,2023,4
friuli venezia giulia,Utenti del 1522,maschi,no,2024,7
friuli venezia giulia,Utenti del 1522,maschi,si,2017,3
friuli venezia giulia,Utenti del 1522,maschi,si,2018,4
friuli venezia giulia,Utenti del 1522,maschi,si,2019,3
friuli venezia giulia,Utenti del 1522,maschi,si,2021,1
friuli venezia giulia,Utenti del 1522,maschi,si,2022,3
friuli venezia giulia,Utenti del 1522,maschi,si,2023,8
friuli venezia giulia,Utenti del 1522,maschi,non indicato,2015,2
friuli venezia giulia,Utenti del 1522,maschi,non indicato,2016,2
friuli venezia giulia,Utenti del 1522,maschi,non indicato,2017,1
friuli venezia giulia,Utenti del 1522,maschi,non indicato,2020,2
friuli venezia giulia,Utenti del 1522,maschi,non indicato,2021,11
friuli venezia giulia,Utenti del 1522,maschi,non indicato,2022,12
friuli venezia giulia,Utenti del 1522,maschi,non indicato,2023,67
friuli venezia giulia,Utenti del 1522,maschi,non indicato,2024,87
friuli venezia giulia,Utenti del 1522,femmine,no,2015,212
friuli venezia giulia,Utenti del 1522,femmine,no,2016,191
friuli venezia giulia,Utenti del 1522,femmine,no,2017,176
friuli venezia giulia,Utenti del 1522,femmine,no,2018,281
friuli venezia giulia,Utenti del 1522,femmine,no,2019,244
friuli venezia giulia,Utenti del 1522,femmine,no,2020,244
friuli venezia giulia,Utenti del 1522,femmine,no,2021,174
friuli venezia giulia,Utenti del 1522,femmine,no,2022,164
friuli venezia giulia,Utenti del 1522,femmine,no,2023,90
friuli venezia giulia,Utenti del 1522,femmine,no,2024,222
friuli venezia giulia,Utenti del 1522,femmine,si,2015,8
friuli venezia giulia,Utenti del 1522,femmine,si,2016,11
friuli venezia giulia,Utenti del 1522,femmine,si,2017,2
friuli venezia giulia,Utenti del 1522,femmine,si,2018,5
friuli venezia giulia,Utenti del 1522,femmine,si,2019,10
friuli venezia giulia,Utenti del 1522,femmine,si,2020,19
friuli venezia giulia,Utenti del 1522,femmine,si,2021,46
friuli venezia giulia,Utenti del 1522,femmine,si,2022,14
friuli venezia giulia,Utenti del 1522,femmine,si,2023,70
friuli venezia giulia,Utenti del 1522,femmine,si,2024,23
friuli venezia giulia,Utenti del 1522,femmine,non indicato,2015,20
friuli venezia giulia,Utenti del 1522,femmine,non indicato,2016,22
friuli venezia giulia,Utenti del 1522,femmine,non indicato,2017,12
friuli venezia giulia,Utenti del 1522,femmine,non indicato,2018,5
friuli venezia giulia,Utenti del 1522,femmine,non indicato,2019,2
friuli venezia giulia,Utenti del 1522,femmine,non indicato,2020,53
friuli venezia giulia,Utenti del 1522,femmine,non indicato,2021,98
friuli venezia giulia,Utenti del 1522,femmine,non indicato,2022,120
friuli venezia giulia,Utenti del 1522,femmine,non indicato,2023,278
friuli venezia giulia,Utenti del 1522,femmine,non indicato,2024,364
friuli venezia giulia,Utenti del 1522,non indicato,non indicato,2024,1
emilia romagna,Utenti del 1522,maschi,no,2015,93
emilia romagna,Utenti del 1522,maschi,no,2016,73
emilia romagna,Utenti del 1522,maschi,no,2017,68
emilia romagna,Utenti del 1522,maschi,no,2018,96
emilia romagna,Utenti del 1522,maschi,no,2019,114
emilia romagna,Utenti del 1522,maschi,no,2020,120
emilia romagna,Utenti del 1522,maschi,no,2021,86
emilia romagna,Utenti del 1522,maschi,no,2022,62
emilia romagna,Utenti del 1522,maschi,no,2023,32
emilia romagna,Utenti del 1522,maschi,no,2024,42
emilia romagna,Utenti del 1522,maschi,si,2015,4
emilia romagna,Utenti del 1522,maschi,si,2016,2
emilia romagna,Utenti del 1522,maschi,si,2017,4
emilia romagna,Utenti del 1522,maschi,si,2018,9
emilia romagna,Utenti del 1522,maschi,si,2019,3
emilia romagna,Utenti del 1522,maschi,si,2020,11
emilia romagna,Utenti del 1522,maschi,si,2021,19
emilia romagna,Utenti del 1522,maschi,si,2022,9
emilia romagna,Utenti del 1522,maschi,si,2023,21
emilia romagna,Utenti del 1522,maschi,si,2024,6
emilia romagna,Utenti del 1522,maschi,non indicato,2015,5
emilia romagna,Utenti del 1522,maschi,non indicato,2016,12
emilia romagna,Utenti del 1522,maschi,non indicato,2017,7
emilia romagna,Utenti del 1522,maschi,non indicato,2018,4
emilia romagna,Utenti del 1522,maschi,non indicato,2019,3
emilia romagna,Utenti del 1522,maschi,non indicato,2020,20
emilia romagna,Utenti del 1522,maschi,non indicato,2021,60
emilia romagna,Utenti del 1522,maschi,non indicato,2022,63
emilia romagna,Utenti del 1522,maschi,non indicato,2023,185
emilia romagna,Utenti del 1522,maschi,non indicato,2024,289
emilia romagna,Utenti del 1522,femmine,no,2015,756
emilia romagna,Utenti del 1522,femmine,no,2016,694
emilia romagna,Utenti del 1522,femmine,no,2017,617
emilia romagna,Utenti del 1522,femmine,no,2018,961
emilia romagna,Utenti del 1522,femmine,no,2019,970
emilia romagna,Utenti del 1522,femmine,no,2020,1169
emilia romagna,Utenti del 1522,femmine,no,2021,897
emilia romagna,Utenti del 1522,femmine,no,2022,841
emilia romagna,Utenti del 1522,femmine,no,2023,476
emilia romagna,Utenti del 1522,femmine,no,2024,1024
emilia romagna,Utenti del 1522,femmine,si,2015,16
emilia romagna,Utenti del 1522,femmine,si,2016,24
emilia romagna,Utenti del 1522,femmine,si,2017,15
emilia romagna,Utenti del 1522,femmine,si,2018,14
emilia romagna,Utenti del 1522,femmine,si,2019,20
emilia romagna,Utenti del 1522,femmine,si,2020,70
emilia romagna,Utenti del 1522,femmine,si,2021,122
emilia romagna,Utenti del 1522,femmine,si,2022,59
emilia romagna,Utenti del 1522,femmine,si,2023,347
emilia romagna,Utenti del 1522,femmine,si,2024,125
emilia romagna,Utenti del 1522,femmine,non indicato,2015,92
emilia romagna,Utenti del 1522,femmine,non indicato,2016,76
emilia romagna,Utenti del 1522,femmine,non indicato,2017,51
emilia romagna,Utenti del 1522,femmine,non indicato,2018,17
emilia romagna,Utenti del 1522,femmine,non indicato,2019,15
emilia romagna,Utenti del 1522,femmine,non indicato,2020,216
emilia romagna,Utenti del 1522,femmine,non indicato,2021,483
emilia romagna,Utenti del 1522,femmine,non indicato,2022,554
emilia romagna,Utenti del 1522,femmine,non indicato,2023,2001
emilia romagna,Utenti del 1522,femmine,non indicato,2024,2177
emilia romagna,Utenti del 1522,non indicato,no,2024,3
emilia romagna,Utenti del 1522,non indicato,si,2023,1
emilia romagna,Utenti del 1522,non indicato,non indicato,2023,16
emilia romagna,Utenti del 1522,non indicato,non indicato,2024,8
centro,Utenti del 1522,maschi,no,2015,324
centro,Utenti del 1522,maschi,no,2016,270
centro,Utenti del 1522,maschi,no,2017,336
centro,Utenti del 1522,maschi,no,2018,425
centro,Utenti del 1522,maschi,no,2019,449
centro,Utenti del 1522,maschi,no,2020,532
centro,Utenti del 1522,maschi,no,2021,303
centro,Utenti del 1522,maschi,no,2022,306
centro,Utenti del 1522,maschi,no,2023,81
centro,Utenti del 1522,maschi,no,2024,143
centro,Utenti del 1522,maschi,si,2015,20
centro,Utenti del 1522,maschi,si,2016,20
centro,Utenti del 1522,maschi,si,2017,21
centro,Utenti del 1522,maschi,si,2018,20
centro,Utenti del 1522,maschi,si,2019,10
centro,Utenti del 1522,maschi,si,2020,30
centro,Utenti del 1522,maschi,si,2021,48
centro,Utenti del 1522,maschi,si,2022,33
centro,Utenti del 1522,maschi,si,2023,87
centro,Utenti del 1522,maschi,si,2024,33
centro,Utenti del 1522,maschi,non indicato,2015,55
centro,Utenti del 1522,maschi,non indicato,2016,36
centro,Utenti del 1522,maschi,non indicato,2017,25
centro,Utenti del 1522,maschi,non indicato,2018,9
centro,Utenti del 1522,maschi,non indicato,2019,19
centro,Utenti del 1522,maschi,non indicato,2020,87
centro,Utenti del 1522,maschi,non indicato,2021,223
centro,Utenti del 1522,maschi,non indicato,2022,261
centro,Utenti del 1522,maschi,non indicato,2023,759
centro,Utenti del 1522,maschi,non indicato,2024,1005
centro,Utenti del 1522,femmine,no,2015,3154
centro,Utenti del 1522,femmine,no,2016,2904
centro,Utenti del 1522,femmine,no,2017,2833
centro,Utenti del 1522,femmine,no,2018,4292
centro,Utenti del 1522,femmine,no,2019,4175
centro,Utenti del 1522,femmine,no,2020,4342
centro,Utenti del 1522,femmine,no,2021,3435
centro,Utenti del 1522,femmine,no,2022,3075
centro,Utenti del 1522,femmine,no,2023,1761
centro,Utenti del 1522,femmine,no,2024,3001
centro,Utenti del 1522,femmine,si,2015,83
centro,Utenti del 1522,femmine,si,2016,107
centro,Utenti del 1522,femmine,si,2017,96
centro,Utenti del 1522,femmine,si,2018,99
centro,Utenti del 1522,femmine,si,2019,95
centro,Utenti del 1522,femmine,si,2020,273
centro,Utenti del 1522,femmine,si,2021,555
centro,Utenti del 1522,femmine,si,2022,232
centro,Utenti del 1522,femmine,si,2023,1205
centro,Utenti del 1522,femmine,si,2024,373
centro,Utenti del 1522,femmine,non indicato,2015,413
centro,Utenti del 1522,femmine,non indicato,2016,301
centro,Utenti del 1522,femmine,non indicato,2017,210
centro,Utenti del 1522,femmine,non indicato,2018,65
centro,Utenti del 1522,femmine,non indicato,2019,72
centro,Utenti del 1522,femmine,non indicato,2020,842
centro,Utenti del 1522,femmine,non indicato,2021,1893
centro,Utenti del 1522,femmine,non indicato,2022,1979
centro,Utenti del 1522,femmine,non indicato,2023,4502
centro,Utenti del 1522,femmine,non indicato,2024,5827
centro,Utenti del 1522,non indicato,no,2023,3
centro,Utenti del 1522,non indicato,si,2023,3
centro,Utenti del 1522,non indicato,si,2024,1
centro,Utenti del 1522,non indicato,non indicato,2023,44
centro,Utenti del 1522,non indicato,non indicato,2024,25
toscana,Utenti del 1522,maschi,no,2015,57
toscana,Utenti del 1522,maschi,no,2016,76
toscana,Utenti del 1522,maschi,no,2017,95
toscana,Utenti del 1522,maschi,no,2018,107
toscana,Utenti del 1522,maschi,no,2019,108
toscana,Utenti del 1522,maschi,no,2020,166
toscana,Utenti del 1522,maschi,no,2021,85
toscana,Utenti del 1522,maschi,no,2022,88
toscana,Utenti del 1522,maschi,no,2023,22
toscana,Utenti del 1522,maschi,no,2024,43
toscana,Utenti del 1522,maschi,si,2015,6
toscana,Utenti del 1522,maschi,si,2016,5
toscana,Utenti del 1522,maschi,si,2017,6
toscana,Utenti del 1522,maschi,si,2018,2
toscana,Utenti del 1522,maschi,si,2020,10
toscana,Utenti del 1522,maschi,si,2021,11
toscana,Utenti del 1522,maschi,si,2022,4
toscana,Utenti del 1522,maschi,si,2023,17
toscana,Utenti del 1522,maschi,si,2024,5
toscana,Utenti del 1522,maschi,non indicato,2015,16
toscana,Utenti del 1522,maschi,non indicato,2016,9
toscana,Utenti del 1522,maschi,non indicato,2017,9
toscana,Utenti del 1522,maschi,non indicato,2018,3
toscana,Utenti del 1522,maschi,non indicato,2019,4
toscana,Utenti del 1522,maschi,non indicato,2020,17
toscana,Utenti del 1522,maschi,non indicato,2021,61
toscana,Utenti del 1522,maschi,non indicato,2022,62
toscana,Utenti del 1522,maschi,non indicato,2023,208
toscana,Utenti del 1522,maschi,non indicato,2024,269
toscana,Utenti del 1522,femmine,no,2015,698
toscana,Utenti del 1522,femmine,no,2016,543
toscana,Utenti del 1522,femmine,no,2017,750
toscana,Utenti del 1522,femmine,no,2018,1128
toscana,Utenti del 1522,femmine,no,2019,1166
toscana,Utenti del 1522,femmine,no,2020,1119
toscana,Utenti del 1522,femmine,no,2021,862
toscana,Utenti del 1522,femmine,no,2022,758
toscana,Utenti del 1522,femmine,no,2023,434
toscana,Utenti del 1522,femmine,no,2024,853
toscana,Utenti del 1522,femmine,si,2015,17
toscana,Utenti del 1522,femmine,si,2016,22
toscana,Utenti del 1522,femmine,si,2017,27
toscana,Utenti del 1522,femmine,si,2018,21
toscana,Utenti del 1522,femmine,si,2019,21
toscana,Utenti del 1522,femmine,si,2020,58
toscana,Utenti del 1522,femmine,si,2021,120
toscana,Utenti del 1522,femmine,si,2022,55
toscana,Utenti del 1522,femmine,si,2023,267
toscana,Utenti del 1522,femmine,si,2024,91
toscana,Utenti del 1522,femmine,non indicato,2015,89
toscana,Utenti del 1522,femmine,non indicato,2016,65
toscana,Utenti del 1522,femmine,non indicato,2017,63
toscana,Utenti del 1522,femmine,non indicato,2018,13
toscana,Utenti del 1522,femmine,non indicato,2019,23
toscana,Utenti del 1522,femmine,non indicato,2020,206
toscana,Utenti del 1522,femmine,non indicato,2021,448
toscana,Utenti del 1522,femmine,non indicato,2022,490
toscana,Utenti del 1522,femmine,non indicato,2023,994
toscana,Utenti del 1522,femmine,non indicato,2024,1440
toscana,Utenti del 1522,non indicato,si,2023,2
toscana,Utenti del 1522,non indicato,non indicato,2023,9
toscana,Utenti del 1522,non indicato,non indicato,2024,7
umbria,Utenti del 1522,maschi,no,2015,19
umbria,Utenti del 1522,maschi,no,2016,17
umbria,Utenti del 1522,maschi,no,2017,20
umbria,Utenti del 1522,maschi,no,2018,20
umbria,Utenti del 1522,maschi,no,2019,18
umbria,Utenti del 1522,maschi,no,2020,17
umbria,Utenti del 1522,maschi,no,2021,14
umbria,Utenti del 1522,maschi,no,2022,10
umbria,Utenti del 1522,maschi,no,2023,3
umbria,Utenti del 1522,maschi,no,2024,10
umbria,Utenti del 1522,maschi,si,2015,1
umbria,Utenti del 1522,maschi,si,2016,1
umbria,Utenti del 1522,maschi,si,2018,1
umbria,Utenti del 1522,maschi,si,2020,1
umbria,Utenti del 1522,maschi,si,2021,1
umbria,Utenti del 1522,maschi,si,2022,2
umbria,Utenti del 1522,maschi,si,2023,5
umbria,Utenti del 1522,maschi,si,2024,2
umbria,Utenti del 1522,maschi,non indicato,2016,2
umbria,Utenti del 1522,maschi,non indicato,2017,1
umbria,Utenti del 1522,maschi,non indicato,2019,1
umbria,Utenti del 1522,maschi,non indicato,2020,3
umbria,Utenti del 1522,maschi,non indicato,2021,6
umbria,Utenti del 1522,maschi,non indicato,2022,12
umbria,Utenti del 1522,maschi,non indicato,2023,33
umbria,Utenti del 1522,maschi,non indicato,2024,50
umbria,Utenti del 1522,femmine,no,2015,184
umbria,Utenti del 1522,femmine,no,2016,173
umbria,Utenti del 1522,femmine,no,2017,154
umbria,Utenti del 1522,femmine,no,2018,232
umbria,Utenti del 1522,femmine,no,2019,208
umbria,Utenti del 1522,femmine,no,2020,190
umbria,Utenti del 1522,femmine,no,2021,174
umbria,Utenti del 1522,femmine,no,2022,192
umbria,Utenti del 1522,femmine,no,2023,113
umbria,Utenti del 1522,femmine,no,2024,176
umbria,Utenti del 1522,femmine,si,2015,4
umbria,Utenti del 1522,femmine,si,2016,5
umbria,Utenti del 1522,femmine,si,2017,11
umbria,Utenti del 1522,femmine,si,2018,5
umbria,Utenti del 1522,femmine,si,2019,9
umbria,Utenti del 1522,femmine,si,2020,15
umbria,Utenti del 1522,femmine,si,2021,24
umbria,Utenti del 1522,femmine,si,2022,9
umbria,Utenti del 1522,femmine,si,2023,78
umbria,Utenti del 1522,femmine,si,2024,22
umbria,Utenti del 1522,femmine,non indicato,2015,29
umbria,Utenti del 1522,femmine,non indicato,2016,22
umbria,Utenti del 1522,femmine,non indicato,2017,10
umbria,Utenti del 1522,femmine,non indicato,2018,4
umbria,Utenti del 1522,femmine,non indicato,2019,4
umbria,Utenti del 1522,femmine,non indicato,2020,32
umbria,Utenti del 1522,femmine,non indicato,2021,91
umbria,Utenti del 1522,femmine,non indicato,2022,110
umbria,Utenti del 1522,femmine,non indicato,2023,273
umbria,Utenti del 1522,femmine,non indicato,2024,312
umbria,Utenti del 1522,non indicato,non indicato,2023,3
umbria,Utenti del 1522,non indicato,non indicato,2024,1
marche,Utenti del 1522,maschi,no,2015,42
marche,Utenti del 1522,maschi,no,2016,29
marche,Utenti del 1522,maschi,no,2017,24
marche,Utenti del 1522,maschi,no,2018,45
marche,Utenti del 1522,maschi,no,2019,39
marche,Utenti del 1522,maschi,no,2020,58
marche,Utenti del 1522,maschi,no,2021,34
marche,Utenti del 1522,maschi,no,2022,30
marche,Utenti del 1522,maschi,no,2023,5
marche,Utenti del 1522,maschi,no,2024,19
marche,Utenti del 1522,maschi,si,2015,4
marche,Utenti del 1522,maschi,si,2016,3
marche,Utenti del 1522,maschi,si,2017,1
marche,Utenti del 1522,maschi,si,2018,2
marche,Utenti del 1522,maschi,si,2020,1
marche,Utenti del 1522,maschi,si,2021,3
marche,Utenti del 1522,maschi,si,2022,1
marche,Utenti del 1522,maschi,si,2023,8
marche,Utenti del 1522,maschi,si,2024,3
marche,Utenti del 1522,maschi,non indicato,2015,8
marche,Utenti del 1522,maschi,non indicato,2016,4
marche,Utenti del 1522,maschi,non indicato,2017,1
marche,Utenti del 1522,maschi,non indicato,2018,1
marche,Utenti del 1522,maschi,non indicato,2019,5
marche,Utenti del 1522,maschi,non indicato,2020,7
marche,Utenti del 1522,maschi,non indicato,2021,25
marche,Utenti del 1522,maschi,non indicato,2022,34
marche,Utenti del 1522,maschi,non indicato,2023,70
marche,Utenti del 1522,maschi,non indicato,2024,92
marche,Utenti del 1522,femmine,no,2015,388
marche,Utenti del 1522,femmine,no,2016,359
marche,Utenti del 1522,femmine,no,2017,320
marche,Utenti del 1522,femmine,no,2018,436
marche,Utenti del 1522,femmine,no,2019,372
marche,Utenti del 1522,femmine,no,2020,417
marche,Utenti del 1522,femmine,no,2021,344
marche,Utenti del 1522,femmine,no,2022,299
marche,Utenti del 1522,femmine,no,2023,158
marche,Utenti del 1522,femmine,no,2024,312
marche,Utenti del 1522,femmine,si,2015,9
marche,Utenti del 1522,femmine,si,2016,14
marche,Utenti del 1522,femmine,si,2017,7
marche,Utenti del 1522,femmine,si,2018,11
marche,Utenti del 1522,femmine,si,2019,8
marche,Utenti del 1522,femmine,si,2020,29
marche,Utenti del 1522,femmine,si,2021,60
marche,Utenti del 1522,femmine,si,2022,22
marche,Utenti del 1522,femmine,si,2023,103
marche,Utenti del 1522,femmine,si,2024,23
marche,Utenti del 1522,femmine,non indicato,2015,47
marche,Utenti del 1522,femmine,non indicato,2016,34
marche,Utenti del 1522,femmine,non indicato,2017,30
marche,Utenti del 1522,femmine,non indicato,2018,8
marche,Utenti del 1522,femmine,non indicato,2019,6
marche,Utenti del 1522,femmine,non indicato,2020,65
marche,Utenti del 1522,femmine,non indicato,2021,183
marche,Utenti del 1522,femmine,non indicato,2022,186
marche,Utenti del 1522,femmine,non indicato,2023,395
marche,Utenti del 1522,femmine,non indicato,2024,504
marche,Utenti del 1522,non indicato,non indicato,2023,3
marche,Utenti del 1522,non indicato,non indicato,2024,2
lazio,Utenti del 1522,maschi,no,2015,206
lazio,Utenti del 1522,maschi,no,2016,148
lazio,Utenti del 1522,maschi,no,2017,197
lazio,Utenti del 1522,maschi,no,2018,253
lazio,Utenti del 1522,maschi,no,2019,284
lazio,Utenti del 1522,maschi,no,2020,291
lazio,Utenti del 1522,maschi,no,2021,170
lazio,Utenti del 1522,maschi,no,2022,178
lazio,Utenti del 1522,maschi,no,2023,51
lazio,Utenti del 1522,maschi,no,2024,71
lazio,Utenti del 1522,maschi,si,2015,9
lazio,Utenti del 1522,maschi,si,2016,11
lazio,Utenti del 1522,maschi,si,2017,14
lazio,Utenti del 1522,maschi,si,2018,15
lazio,Utenti del 1522,maschi,si,2019,10
lazio,Utenti del 1522,maschi,si,2020,18
lazio,Utenti del 1522,maschi,si,2021,33
lazio,Utenti del 1522,maschi,si,2022,26
lazio,Utenti del 1522,maschi,si,2023,57
lazio,Utenti del 1522,maschi,si,2024,23
lazio,Utenti del 1522,maschi,non indicato,2015,31
lazio,Utenti del 1522,maschi,non indicato,2016,21
lazio,Utenti del 1522,maschi,non indicato,2017,14
lazio,Utenti del 1522,maschi,non indicato,2018,5
lazio,Utenti del 1522,maschi,non indicato,2019,9
lazio,Utenti del 1522,maschi,non indicato,2020,60
lazio,Utenti del 1522,maschi,non indicato,2021,131
lazio,Utenti del 1522,maschi,non indicato,2022,153
lazio,Utenti del 1522,maschi,non indicato,2023,448
lazio,Utenti del 1522,maschi,non indicato,2024,594
lazio,Utenti del 1522,femmine,no,2015,1884
lazio,Utenti del 1522,femmine,no,2016,1829
lazio,Utenti del 1522,femmine,no,2017,1609
lazio,Utenti del 1522,femmine,no,2018,2496
lazio,Utenti del 1522,femmine,no,2019,2429
lazio,Utenti del 1522,femmine,no,2020,2616
lazio,Utenti del 1522,femmine,no,2021,2055
lazio,Utenti del 1522,femmine,no,2022,1826
lazio,Utenti del 1522,femmine,no,2023,1056
lazio,Utenti del 1522,femmine,no,2024,1660
lazio,Utenti del 1522,femmine,si,2015,53
lazio,Utenti del 1522,femmine,si,2016,66
lazio,Utenti del 1522,femmine,si,2017,51
lazio,Utenti del 1522,femmine,si,2018,62
lazio,Utenti del 1522,femmine,si,2019,57
lazio,Utenti del 1522,femmine,si,2020,171
lazio,Utenti del 1522,femmine,si,2021,351
lazio,Utenti del 1522,femmine,si,2022,146
lazio,Utenti del 1522,femmine,si,2023,757
lazio,Utenti del 1522,femmine,si,2024,237
lazio,Utenti del 1522,femmine,non indicato,2015,248
lazio,Utenti del 1522,femmine,non indicato,2016,180
lazio,Utenti del 1522,femmine,non indicato,2017,107
lazio,Utenti del 1522,femmine,non indicato,2018,40
lazio,Utenti del 1522,femmine,non indicato,2019,39
lazio,Utenti del 1522,femmine,non indicato,2020,539
lazio,Utenti del 1522,femmine,non indicato,2021,1171
lazio,Utenti del 1522,femmine,non indicato,2022,1193
lazio,Utenti del 1522,femmine,non indicato,2023,2840
lazio,Utenti del 1522,femmine,non indicato,2024,3571
lazio,Utenti del 1522,non indicato,no,2023,3
lazio,Utenti del 1522,non indicato,si,2023,1
lazio,Utenti del 1522,non indicato,si,2024,1
lazio,Utenti del 1522,non indicato,non indicato,2023,29
lazio,Utenti del 1522,non indicato,non indicato,2024,15
sud,Utenti del 1522,maschi,no,2015,475
sud,Utenti del 1522,maschi,no,2016,283
sud,Utenti del 1522,maschi,no,2017,356
sud,Utenti del 1522,maschi,no,2018,511
sud,Utenti del 1522,maschi,no,2019,484
sud,Utenti del 1522,maschi,no,2020,450
sud,Utenti del 1522,maschi,no,2021,271
sud,Utenti del 1522,maschi,no,2022,263
sud,Utenti del 1522,maschi,no,2023,66
sud,Utenti del 1522,maschi,no,2024,108
sud,Utenti del 1522,maschi,si,2015,27
sud,Utenti del 1522,maschi,si,2016,18
sud,Utenti del 1522,maschi,si,2017,22
sud,Utenti del 1522,maschi,si,2018,16
sud,Utenti del 1522,maschi,si,2019,15
sud,Utenti del 1522,maschi,si,2020,38
sud,Utenti del 1522,maschi,si,2021,52
sud,Utenti del 1522,maschi,si,2022,23
sud,Utenti del 1522,maschi,si,2023,68
sud,Utenti del 1522,maschi,si,2024,24
sud,Utenti del 1522,maschi,non indicato,2015,60
sud,Utenti del 1522,maschi,non indicato,2016,43
sud,Utenti del 1522,maschi,non indicato,2017,30
sud,Utenti del 1522,maschi,non indicato,2018,20
sud,Utenti del 1522,maschi,non indicato,2019,15
sud,Utenti del 1522,maschi,non indicato,2020,76
sud,Utenti del 1522,maschi,non indicato,2021,228
sud,Utenti del 1522,maschi,non indicato,2022,282
sud,Utenti del 1522,maschi,non indicato,2023,715
sud,Utenti del 1522,maschi,non indicato,2024,937
sud,Utenti del 1522,femmine,no,2015,3504
sud,Utenti del 1522,femmine,no,2016,3053
sud,Utenti del 1522,femmine,no,2017,2802
sud,Utenti del 1522,femmine,no,2018,4208
sud,Utenti del 1522,femmine,no,2019,3788
sud,Utenti del 1522,femmine,no,2020,4015
sud,Utenti del 1522,femmine,no,2021,3045
sud,Utenti del 1522,femmine,no,2022,2646
sud,Utenti del 1522,femmine,no,2023,1348
sud,Utenti del 1522,femmine,no,2024,2374
sud,Utenti del 1522,femmine,si,2015,77
sud,Utenti del 1522,femmine,si,2016,87
sud,Utenti del 1522,femmine,si,2017,57
sud,Utenti del 1522,femmine,si,2018,65
sud,Utenti del 1522,femmine,si,2019,96
sud,Utenti del 1522,femmine,si,2020,297
sud,Utenti del 1522,femmine,si,2021,572
sud,Utenti del 1522,femmine,si,2022,311
sud,Utenti del 1522,femmine,si,2023,945
sud,Utenti del 1522,femmine,si,2024,318
sud,Utenti del 1522,femmine,non indicato,2015,483
sud,Utenti del 1522,femmine,non indicato,2016,335
sud,Utenti del 1522,femmine,non indicato,2017,218
sud,Utenti del 1522,femmine,non indicato,2018,74
sud,Utenti del 1522,femmine,non indicato,2019,62
sud,Utenti del 1522,femmine,non indicato,2020,826
sud,Utenti del 1522,femmine,non indicato,2021,1808
sud,Utenti del 1522,femmine,non indicato,2022,1839
sud,Utenti del 1522,femmine,non indicato,2023,3478
sud,Utenti del 1522,femmine,non indicato,2024,4781
sud,Utenti del 1522,non indicato,no,2024,2
sud,Utenti del 1522,non indicato,si,2023,4
sud,Utenti del 1522,non indicato,non indicato,2023,33
sud,Utenti del 1522,non indicato,non indicato,2024,22
abruzzo,Utenti del 1522,maschi,no,2015,43
abruzzo,Utenti del 1522,maschi,no,2016,32
abruzzo,Utenti del 1522,maschi,no,2017,22
abruzzo,Utenti del 1522,maschi,no,2018,55
abruzzo,Utenti del 1522,maschi,no,2019,39
abruzzo,Utenti del 1522,maschi,no,2020,43
abruzzo,Utenti del 1522,maschi,no,2021,29
abruzzo,Utenti del 1522,maschi,no,2022,24
abruzzo,Utenti del 1522,maschi,no,2023,3
abruzzo,Utenti del 1522,maschi,no,2024,14
abruzzo,Utenti del 1522,maschi,si,2015,4
abruzzo,Utenti del 1522,maschi,si,2017,2
abruzzo,Utenti del 1522,maschi,si,2018,2
abruzzo,Utenti del 1522,maschi,si,2019,1
abruzzo,Utenti del 1522,maschi,si,2020,4
abruzzo,Utenti del 1522,maschi,si,2021,5
abruzzo,Utenti del 1522,maschi,si,2022,1
abruzzo,Utenti del 1522,maschi,si,2023,8
abruzzo,Utenti del 1522,maschi,si,2024,3
abruzzo,Utenti del 1522,maschi,non indicato,2015,5
abruzzo,Utenti del 1522,maschi,non indicato,2016,3
abruzzo,Utenti del 1522,maschi,non indicato,2017,1
abruzzo,Utenti del 1522,maschi,non indicato,2019,1
abruzzo,Utenti del 1522,maschi,non indicato,2020,4
abruzzo,Utenti del 1522,maschi,non indicato,2021,18
abruzzo,Utenti del 1522,maschi,non indicato,2022,26
abruzzo,Utenti del 1522,maschi,non indicato,2023,80
abruzzo,Utenti del 1522,maschi,non indicato,2024,82
abruzzo,Utenti del 1522,femmine,no,2015,393
abruzzo,Utenti del 1522,femmine,no,2016,351
abruzzo,Utenti del 1522,femmine,no,2017,328
abruzzo,Utenti del 1522,femmine,no,2018,474
abruzzo,Utenti del 1522,femmine,no,2019,397
abruzzo,Utenti del 1522,femmine,no,2020,381
abruzzo,Utenti del 1522,femmine,no,2021,310
abruzzo,Utenti del 1522,femmine,no,2022,287
abruzzo,Utenti del 1522,femmine,no,2023,157
abruzzo,Utenti del 1522,femmine,no,2024,211
abruzzo,Utenti del 1522,femmine,si,2015,10
abruzzo,Utenti del 1522,femmine,si,2016,16
abruzzo,Utenti del 1522,femmine,si,2017,9
abruzzo,Utenti del 1522,femmine,si,2018,14
abruzzo,Utenti del 1522,femmine,si,2019,14
abruzzo,Utenti del 1522,femmine,si,2020,34
abruzzo,Utenti del 1522,femmine,si,2021,36
abruzzo,Utenti del 1522,femmine,si,2022,30
abruzzo,Utenti del 1522,femmine,si,2023,107
abruzzo,Utenti del 1522,femmine,si,2024,27
abruzzo,Utenti del 1522,femmine,non indicato,2015,47
abruzzo,Utenti del 1522,femmine,non indicato,2016,41
abruzzo,Utenti del 1522,femmine,non indicato,2017,32
abruzzo,Utenti del 1522,femmine,non indicato,2018,8
abruzzo,Utenti del 1522,femmine,non indicato,2019,8
abruzzo,Utenti del 1522,femmine,non indicato,2020,60
abruzzo,Utenti del 1522,femmine,non indicato,2021,185
abruzzo,Utenti del 1522,femmine,non indicato,2022,159
abruzzo,Utenti del 1522,femmine,non indicato,2023,391
abruzzo,Utenti del 1522,femmine,non indicato,2024,464
abruzzo,Utenti del 1522,non indicato,si,2023,3
abruzzo,Utenti del 1522,non indicato,non indicato,2023,3
abruzzo,Utenti del 1522,non indicato,non indicato,2024,1
molise,Utenti del 1522,maschi,no,2015,7
molise,Utenti del 1522,maschi,no,2016,7
molise,Utenti del 1522,maschi,no,2017,8
molise,Utenti del 1522,maschi,no,2018,9
molise,Utenti del 1522,maschi,no,2019,4
molise,Utenti del 1522,maschi,no,2020,5
molise,Utenti del 1522,maschi,no,2021,7
molise,Utenti del 1522,maschi,no,2022,7
molise,Utenti del 1522,maschi,no,2023,5
molise,Utenti del 1522,maschi,no,2024,1
molise,Utenti del 1522,maschi,si,2019,1
molise,Utenti del 1522,maschi,si,2020,3
molise,Utenti del 1522,maschi,si,2024,1
molise,Utenti del 1522,maschi,non indicato,2016,1
molise,Utenti del 1522,maschi,non indicato,2017,2
molise,Utenti del 1522,maschi,non indicato,2019,2
molise,Utenti del 1522,maschi,non indicato,2021,3
molise,Utenti del 1522,maschi,non indicato,2022,6
molise,Utenti del 1522,maschi,non indicato,2023,16
molise,Utenti del 1522,maschi,non indicato,2024,13
molise,Utenti del 1522,femmine,no,2015,77
molise,Utenti del 1522,femmine,no,2016,54
molise,Utenti del 1522,femmine,no,2017,27
molise,Utenti del 1522,femmine,no,2018,37
molise,Utenti del 1522,femmine,no,2019,66
molise,Utenti del 1522,femmine,no,2020,57
molise,Utenti del 1522,femmine,no,2021,50
molise,Utenti del 1522,femmine,no,2022,49
molise,Utenti del 1522,femmine,no,2023,22
molise,Utenti del 1522,femmine,no,2024,46
molise,Utenti del 1522,femmine,si,2017,2
molise,Utenti del 1522,femmine,si,2018,1
molise,Utenti del 1522,femmine,si,2019,1
molise,Utenti del 1522,femmine,si,2020,5
molise,Utenti del 1522,femmine,si,2021,6
molise,Utenti del 1522,femmine,si,2022,4
molise,Utenti del 1522,femmine,si,2023,20
molise,Utenti del 1522,femmine,si,2024,7
molise,Utenti del 1522,femmine,non indicato,2015,9
molise,Utenti del 1522,femmine,non indicato,2016,4
molise,Utenti del 1522,femmine,non indicato,2017,2
molise,Utenti del 1522,femmine,non indicato,2019,1
molise,Utenti del 1522,femmine,non indicato,2020,5
molise,Utenti del 1522,femmine,non indicato,2021,34
molise,Utenti del 1522,femmine,non indicato,2022,37
molise,Utenti del 1522,femmine,non indicato,2023,49
molise,Utenti del 1522,femmine,non indicato,2024,79
molise,Utenti del 1522,non indicato,no,2024,1
molise,Utenti del 1522,non indicato,non indicato,2024,1
campania,Utenti del 1522,maschi,no,2015,213
campania,Utenti del 1522,maschi,no,2016,126
campania,Utenti del 1522,maschi,no,2017,142
campania,Utenti del 1522,maschi,no,2018,213
campania,Utenti del 1522,maschi,no,2019,205
campania,Utenti del 1522,maschi,no,2020,212
campania,Utenti del 1522,maschi,no,2021,118
campania,Utenti del 1522,maschi,no,2022,114
campania,Utenti del 1522,maschi,no,2023,30
campania,Utenti del 1522,maschi,no,2024,51
campania,Utenti del 1522,maschi,si,2015,12
campania,Utenti del 1522,maschi,si,2016,11
campania,Utenti del 1522,maschi,si,2017,7
campania,Utenti del 1522,maschi,si,2018,7
campania,Utenti del 1522,maschi,si,2019,1
campania,Utenti del 1522,maschi,si,2020,18
campania,Utenti del 1522,maschi,si,2021,22
campania,Utenti del 1522,maschi,si,2022,15
campania,Utenti del 1522,maschi,si,2023,29
campania,Utenti del 1522,maschi,si,2024,11
campania,Utenti del 1522,maschi,non indicato,2015,21
campania,Utenti del 1522,maschi,non indicato,2016,22
campania,Utenti del 1522,maschi,non indicato,2017,13
campania,Utenti del 1522,maschi,non indicato,2018,4
campania,Utenti del 1522,maschi,non indicato,2019,7
campania,Utenti del 1522,maschi,non indicato,2020,29
campania,Utenti del 1522,maschi,non indicato,2021,109
campania,Utenti del 1522,maschi,non indicato,2022,119
campania,Utenti del 1522,maschi,non indicato,2023,292
campania,Utenti del 1522,maschi,non indicato,2024,415
campania,Utenti del 1522,femmine,no,2015,1666
campania,Utenti del 1522,femmine,no,2016,1466
campania,Utenti del 1522,femmine,no,2017,1383
campania,Utenti del 1522,femmine,no,2018,2019
campania,Utenti del 1522,femmine,no,2019,1830
campania,Utenti del 1522,femmine,no,2020,1901
campania,Utenti del 1522,femmine,no,2021,1408
campania,Utenti del 1522,femmine,no,2022,1150
campania,Utenti del 1522,femmine,no,2023,575
campania,Utenti del 1522,femmine,no,2024,1091
campania,Utenti del 1522,femmine,si,2015,29
campania,Utenti del 1522,femmine,si,2016,37
campania,Utenti del 1522,femmine,si,2017,20
campania,Utenti del 1522,femmine,si,2018,22
campania,Utenti del 1522,femmine,si,2019,46
campania,Utenti del 1522,femmine,si,2020,115
campania,Utenti del 1522,femmine,si,2021,285
campania,Utenti del 1522,femmine,si,2022,116
campania,Utenti del 1522,femmine,si,2023,420
campania,Utenti del 1522,femmine,si,2024,132
campania,Utenti del 1522,femmine,non indicato,2015,221
campania,Utenti del 1522,femmine,non indicato,2016,166
campania,Utenti del 1522,femmine,non indicato,2017,97
campania,Utenti del 1522,femmine,non indicato,2018,27
campania,Utenti del 1522,femmine,non indicato,2019,30
campania,Utenti del 1522,femmine,non indicato,2020,393
campania,Utenti del 1522,femmine,non indicato,2021,875
campania,Utenti del 1522,femmine,non indicato,2022,860
campania,Utenti del 1522,femmine,non indicato,2023,1550
campania,Utenti del 1522,femmine,non indicato,2024,2266
campania,Utenti del 1522,non indicato,non indicato,2023,17
campania,Utenti del 1522,non indicato,non indicato,2024,10
puglia,Utenti del 1522,maschi,no,2015,138
puglia,Utenti del 1522,maschi,no,2016,61
puglia,Utenti del 1522,maschi,no,2017,98
puglia,Utenti del 1522,maschi,no,2018,152
puglia,Utenti del 1522,maschi,no,2019,142
puglia,Utenti del 1522,maschi,no,2020,120
puglia,Utenti del 1522,maschi,no,2021,76
puglia,Utenti del 1522,maschi,no,2022,82
puglia,Utenti del 1522,maschi,no,2023,23
puglia,Utenti del 1522,maschi,no,2024,34
puglia,Utenti del 1522,maschi,si,2015,5
puglia,Utenti del 1522,maschi,si,2016,4
puglia,Utenti del 1522,maschi,si,2017,11
puglia,Utenti del 1522,maschi,si,2018,4
puglia,Utenti del 1522,maschi,si,2019,9
puglia,Utenti del 1522,maschi,si,2020,6
puglia,Utenti del 1522,maschi,si,2021,15
puglia,Utenti del 1522,maschi,si,2022,5
puglia,Utenti del 1522,maschi,si,2023,18
puglia,Utenti del 1522,maschi,si,2024,7
puglia,Utenti del 1522,maschi,non indicato,2015,23
puglia,Utenti del 1522,maschi,non indicato,2016,10
puglia,Utenti del 1522,maschi,non indicato,2017,5
puglia,Utenti del 1522,maschi,non indicato,2018,15
puglia,Utenti del 1522,maschi,non indicato,2019,1
puglia,Utenti del 1522,maschi,non indicato,2020,27
puglia,Utenti del 1522,maschi,non indicato,2021,69
puglia,Utenti del 1522,maschi,non indicato,2022,95
puglia,Utenti del 1522,maschi,non indicato,2023,189
puglia,Utenti del 1522,maschi,non indicato,2024,272
puglia,Utenti del 1522,femmine,no,2015,916
puglia,Utenti del 1522,femmine,no,2016,797
puglia,Utenti del 1522,femmine,no,2017,713
puglia,Utenti del 1522,femmine,no,2018,1148
puglia,Utenti del 1522,femmine,no,2019,961
puglia,Utenti del 1522,femmine,no,2020,1123
puglia,Utenti del 1522,femmine,no,2021,876
puglia,Utenti del 1522,femmine,no,2022,763
puglia,Utenti del 1522,femmine,no,2023,404
puglia,Utenti del 1522,femmine,no,2024,739
puglia,Utenti del 1522,femmine,si,2015,28
puglia,Utenti del 1522,femmine,si,2016,26
puglia,Utenti del 1522,femmine,si,2017,20
puglia,Utenti del 1522,femmine,si,2018,18
puglia,Utenti del 1522,femmine,si,2019,21
puglia,Utenti del 1522,femmine,si,2020,75
puglia,Utenti del 1522,femmine,si,2021,121
puglia,Utenti del 1522,femmine,si,2022,61
puglia,Utenti del 1522,femmine,si,2023,252
puglia,Utenti del 1522,femmine,si,2024,110
puglia,Utenti del 1522,femmine,non indicato,2015,127
puglia,Utenti del 1522,femmine,non indicato,2016,84
puglia,Utenti del 1522,femmine,non indicato,2017,62
puglia,Utenti del 1522,femmine,non indicato,2018,22
puglia,Utenti del 1522,femmine,non indicato,2019,13
puglia,Utenti del 1522,femmine,non indicato,2020,237
puglia,Utenti del 1522,femmine,non indicato,2021,479
puglia,Utenti del 1522,femmine,non indicato,2022,492
puglia,Utenti del 1522,femmine,non indicato,2023,906
puglia,Utenti del 1522,femmine,non indicato,2024,1391
puglia,Utenti del 1522,non indicato,non indicato,2023,11
puglia,Utenti del 1522,non indicato,non indicato,2024,9
basilicata,Utenti del 1522,maschi,no,2015,14
basilicata,Utenti del 1522,maschi,no,2016,7
basilicata,Utenti del 1522,maschi,no,2017,12
basilicata,Utenti del 1522,maschi,no,2018,14
basilicata,Utenti del 1522,maschi,no,2019,28
basilicata,Utenti del 1522,maschi,no,2020,16
basilicata,Utenti del 1522,maschi,no,2021,7
basilicata,Utenti del 1522,maschi,no,2022,9
basilicata,Utenti del 1522,maschi,no,2023,1
basilicata,Utenti del 1522,maschi,no,2024,5
basilicata,Utenti del 1522,maschi,si,2015,2
basilicata,Utenti del 1522,maschi,si,2017,1
basilicata,Utenti del 1522,maschi,si,2019,1
basilicata,Utenti del 1522,maschi,si,2021,2
basilicata,Utenti del 1522,maschi,si,2023,3
basilicata,Utenti del 1522,maschi,si,2024,1
basilicata,Utenti del 1522,maschi,non indicato,2015,3
basilicata,Utenti del 1522,maschi,non indicato,2016,2
basilicata,Utenti del 1522,maschi,non indicato,2017,3
basilicata,Utenti del 1522,maschi,non indicato,2020,2
basilicata,Utenti del 1522,maschi,non indicato,2021,5
basilicata,Utenti del 1522,maschi,non indicato,2022,8
basilicata,Utenti del 1522,maschi,non indicato,2023,26
basilicata,Utenti del 1522,maschi,non indicato,2024,36
basilicata,Utenti del 1522,femmine,no,2015,69
basilicata,Utenti del 1522,femmine,no,2016,76
basilicata,Utenti del 1522,femmine,no,2017,81
basilicata,Utenti del 1522,femmine,no,2018,120
basilicata,Utenti del 1522,femmine,no,2019,117
basilicata,Utenti del 1522,femmine,no,2020,115
basilicata,Utenti del 1522,femmine,no,2021,99
basilicata,Utenti del 1522,femmine,no,2022,97
basilicata,Utenti del 1522,femmine,no,2023,55
basilicata,Utenti del 1522,femmine,no,2024,68
basilicata,Utenti del 1522,femmine,si,2015,2
basilicata,Utenti del 1522,femmine,si,2016,2
basilicata,Utenti del 1522,femmine,si,2017,1
basilicata,Utenti del 1522,femmine,si,2019,2
basilicata,Utenti del 1522,femmine,si,2020,4
basilicata,Utenti del 1522,femmine,si,2021,12
basilicata,Utenti del 1522,femmine,si,2022,5
basilicata,Utenti del 1522,femmine,si,2023,28
basilicata,Utenti del 1522,femmine,si,2024,8
basilicata,Utenti del 1522,femmine,non indicato,2015,12
basilicata,Utenti del 1522,femmine,non indicato,2016,4
basilicata,Utenti del 1522,femmine,non indicato,2017,5
basilicata,Utenti del 1522,femmine,non indicato,2018,6
basilicata,Utenti del 1522,femmine,non indicato,2019,1
basilicata,Utenti del 1522,femmine,non indicato,2020,19
basilicata,Utenti del 1522,femmine,non indicato,2021,61
basilicata,Utenti del 1522,femmine,non indicato,2022,52
basilicata,Utenti del 1522,femmine,non indicato,2023,141
basilicata,Utenti del 1522,femmine,non indicato,2024,105
basilicata,Utenti del 1522,non indicato,si,2023,1
basilicata,Utenti del 1522,non indicato,non indicato,2023,1
calabria,Utenti del 1522,maschi,no,2015,60
calabria,Utenti del 1522,maschi,no,2016,50
calabria,Utenti del 1522,maschi,no,2017,74
calabria,Utenti del 1522,maschi,no,2018,68
calabria,Utenti del 1522,maschi,no,2019,66
calabria,Utenti del 1522,maschi,no,2020,54
calabria,Utenti del 1522,maschi,no,2021,34
calabria,Utenti del 1522,maschi,no,2022,27
calabria,Utenti del 1522,maschi,no,2023,4
calabria,Utenti del 1522,maschi,no,2024,3
calabria,Utenti del 1522,maschi,si,2015,4
calabria,Utenti del 1522,maschi,si,2016,3
calabria,Utenti del 1522,maschi,si,2017,1
calabria,Utenti del 1522,maschi,si,2018,3
calabria,Utenti del 1522,maschi,si,2019,2
calabria,Utenti del 1522,maschi,si,2020,7
calabria,Utenti del 1522,maschi,si,2021,8
calabria,Utenti del 1522,maschi,si,2022,2
calabria,Utenti del 1522,maschi,si,2023,10
calabria,Utenti del 1522,maschi,si,2024,1
calabria,Utenti del 1522,maschi,non indicato,2015,8
calabria,Utenti del 1522,maschi,non indicato,2016,5
calabria,Utenti del 1522,maschi,non indicato,2017,6
calabria,Utenti del 1522,maschi,non indicato,2018,1
calabria,Utenti del 1522,maschi,non indicato,2019,4
calabria,Utenti del 1522,maschi,non indicato,2020,14
calabria,Utenti del 1522,maschi,non indicato,2021,24
calabria,Utenti del 1522,maschi,non indicato,2022,28
calabria,Utenti del 1522,maschi,non indicato,2023,112
calabria,Utenti del 1522,maschi,non indicato,2024,119
calabria,Utenti del 1522,femmine,no,2015,383
calabria,Utenti del 1522,femmine,no,2016,309
calabria,Utenti del 1522,femmine,no,2017,270
calabria,Utenti del 1522,femmine,no,2018,410
calabria,Utenti del 1522,femmine,no,2019,417
calabria,Utenti del 1522,femmine,no,2020,438
calabria,Utenti del 1522,femmine,no,2021,302
calabria,Utenti del 1522,femmine,no,2022,300
calabria,Utenti del 1522,femmine,no,2023,135
calabria,Utenti del 1522,femmine,no,2024,219
calabria,Utenti del 1522,femmine,si,2015,8
calabria,Utenti del 1522,femmine,si,2016,6
calabria,Utenti del 1522,femmine,si,2017,5
calabria,Utenti del 1522,femmine,si,2018,10
calabria,Utenti del 1522,femmine,si,2019,12
calabria,Utenti del 1522,femmine,si,2020,64
calabria,Utenti del 1522,femmine,si,2021,112
calabria,Utenti del 1522,femmine,si,2022,95
calabria,Utenti del 1522,femmine,si,2023,118
calabria,Utenti del 1522,femmine,si,2024,34
calabria,Utenti del 1522,femmine,non indicato,2015,67
calabria,Utenti del 1522,femmine,non indicato,2016,36
calabria,Utenti del 1522,femmine,non indicato,2017,20
calabria,Utenti del 1522,femmine,non indicato,2018,11
calabria,Utenti del 1522,femmine,non indicato,2019,9
calabria,Utenti del 1522,femmine,non indicato,2020,112
calabria,Utenti del 1522,femmine,non indicato,2021,174
calabria,Utenti del 1522,femmine,non indicato,2022,239
calabria,Utenti del 1522,femmine,non indicato,2023,441
calabria,Utenti del 1522,femmine,non indicato,2024,476
calabria,Utenti del 1522,non indicato,no,2024,1
calabria,Utenti del 1522,non indicato,non indicato,2023,1
calabria,Utenti del 1522,non indicato,non indicato,2024,1
isole,Utenti del 1522,maschi,no,2015,198
isole,Utenti del 1522,maschi,no,2016,132
isole,Utenti del 1522,maschi,no,2017,189
isole,Utenti del 1522,maschi,no,2018,210
isole,Utenti del 1522,maschi,no,2019,222
isole,Utenti del 1522,maschi,no,2020,208
isole,Utenti del 1522,maschi,no,2021,136
isole,Utenti del 1522,maschi,no,2022,110
isole,Utenti del 1522,maschi,no,2023,22
isole,Utenti del 1522,maschi,no,2024,39
isole,Utenti del 1522,maschi,si,2015,11
isole,Utenti del 1522,maschi,si,2016,11
isole,Utenti del 1522,maschi,si,2017,6
isole,Utenti del 1522,maschi,si,2018,8
isole,Utenti del 1522,maschi,si,2019,7
isole,Utenti del 1522,maschi,si,2020,14
isole,Utenti del 1522,maschi,si,2021,22
isole,Utenti del 1522,maschi,si,2022,20
isole,Utenti del 1522,maschi,si,2023,33
isole,Utenti del 1522,maschi,si,2024,5
isole,Utenti del 1522,maschi,non indicato,2015,32
isole,Utenti del 1522,maschi,non indicato,2016,25
isole,Utenti del 1522,maschi,non indicato,2017,18
isole,Utenti del 1522,maschi,non indicato,2018,7
isole,Utenti del 1522,maschi,non indicato,2019,8
isole,Utenti del 1522,maschi,non indicato,2020,43
isole,Utenti del 1522,maschi,non indicato,2021,107
isole,Utenti del 1522,maschi,non indicato,2022,102
isole,Utenti del 1522,maschi,non indicato,2023,289
isole,Utenti del 1522,maschi,non indicato,2024,408
isole,Utenti del 1522,femmine,no,2015,1477
isole,Utenti del 1522,femmine,no,2016,1549
isole,Utenti del 1522,femmine,no,2017,1336
isole,Utenti del 1522,femmine,no,2018,1712
isole,Utenti del 1522,femmine,no,2019,1503
isole,Utenti del 1522,femmine,no,2020,1620
isole,Utenti del 1522,femmine,no,2021,1160
isole,Utenti del 1522,femmine,no,2022,1072
isole,Utenti del 1522,femmine,no,2023,482
isole,Utenti del 1522,femmine,no,2024,909
isole,Utenti del 1522,femmine,si,2015,40
isole,Utenti del 1522,femmine,si,2016,64
isole,Utenti del 1522,femmine,si,2017,37
isole,Utenti del 1522,femmine,si,2018,31
isole,Utenti del 1522,femmine,si,2019,49
isole,Utenti del 1522,femmine,si,2020,111
isole,Utenti del 1522,femmine,si,2021,331
isole,Utenti del 1522,femmine,si,2022,169
isole,Utenti del 1522,femmine,si,2023,365
isole,Utenti del 1522,femmine,si,2024,122
isole,Utenti del 1522,femmine,non indicato,2015,228
isole,Utenti del 1522,femmine,non indicato,2016,161
isole,Utenti del 1522,femmine,non indicato,2017,113
isole,Utenti del 1522,femmine,non indicato,2018,28
isole,Utenti del 1522,femmine,non indicato,2019,18
isole,Utenti del 1522,femmine,non indicato,2020,322
isole,Utenti del 1522,femmine,non indicato,2021,771
isole,Utenti del 1522,femmine,non indicato,2022,795
isole,Utenti del 1522,femmine,non indicato,2023,1460
isole,Utenti del 1522,femmine,non indicato,2024,1977
isole,Utenti del 1522,non indicato,no,2023,1
isole,Utenti del 1522,non indicato,si,2023,5
isole,Utenti del 1522,non indicato,non indicato,2023,12
isole,Utenti del 1522,non indicato,non indicato,2024,6
sicilia,Utenti del 1522,maschi,no,2015,140
sicilia,Utenti del 1522,maschi,no,2016,98
sicilia,Utenti del 1522,maschi,no,2017,150
sicilia,Utenti del 1522,maschi,no,2018,160
sicilia,Utenti del 1522,maschi,no,2019,179
sicilia,Utenti del 1522,maschi,no,2020,147
sicilia,Utenti del 1522,maschi,no,2021,97
sicilia,Utenti del 1522,maschi,no,2022,83
sicilia,Utenti del 1522,maschi,no,2023,16
sicilia,Utenti del 1522,maschi,no,2024,33
sicilia,Utenti del 1522,maschi,si,2015,9
sicilia,Utenti del 1522,maschi,si,2016,9
sicilia,Utenti del 1522,maschi,si,2017,5
sicilia,Utenti del 1522,maschi,si,2018,5
sicilia,Utenti del 1522,maschi,si,2019,5
sicilia,Utenti del 1522,maschi,si,2020,9
sicilia,Utenti del 1522,maschi,si,2021,13
sicilia,Utenti del 1522,maschi,si,2022,16
sicilia,Utenti del 1522,maschi,si,2023,23
sicilia,Utenti del 1522,maschi,si,2024,5
sicilia,Utenti del 1522,maschi,non indicato,2015,24
sicilia,Utenti del 1522,maschi,non indicato,2016,20
sicilia,Utenti del 1522,maschi,non indicato,2017,14
sicilia,Utenti del 1522,maschi,non indicato,2018,5
sicilia,Utenti del 1522,maschi,non indicato,2019,6
sicilia,Utenti del 1522,maschi,non indicato,2020,23
sicilia,Utenti del 1522,maschi,non indicato,2021,78
sicilia,Utenti del 1522,maschi,non indicato,2022,75
sicilia,Utenti del 1522,maschi,non indicato,2023,213
sicilia,Utenti del 1522,maschi,non indicato,2024,292
sicilia,Utenti del 1522,femmine,no,2015,1043
sicilia,Utenti del 1522,femmine,no,2016,1098
sicilia,Utenti del 1522,femmine,no,2017,932
sicilia,Utenti del 1522,femmine,no,2018,1191
sicilia,Utenti del 1522,femmine,no,2019,1076
sicilia,Utenti del 1522,femmine,no,2020,1188
sicilia,Utenti del 1522,femmine,no,2021,832
sicilia,Utenti del 1522,femmine,no,2022,744
sicilia,Utenti del 1522,femmine,no,2023,366
sicilia,Utenti del 1522,femmine,no,2024,656
sicilia,Utenti del 1522,femmine,si,2015,23
sicilia,Utenti del 1522,femmine,si,2016,29
sicilia,Utenti del 1522,femmine,si,2017,23
sicilia,Utenti del 1522,femmine,si,2018,15
sicilia,Utenti del 1522,femmine,si,2019,31
sicilia,Utenti del 1522,femmine,si,2020,70
sicilia,Utenti del 1522,femmine,si,2021,180
sicilia,Utenti del 1522,femmine,si,2022,79
sicilia,Utenti del 1522,femmine,si,2023,261
sicilia,Utenti del 1522,femmine,si,2024,91
sicilia,Utenti del 1522,femmine,non indicato,2015,159
sicilia,Utenti del 1522,femmine,non indicato,2016,119
sicilia,Utenti del 1522,femmine,non indicato,2017,74
sicilia,Utenti del 1522,femmine,non indicato,2018,16
sicilia,Utenti del 1522,femmine,non indicato,2019,14
sicilia,Utenti del 1522,femmine,non indicato,2020,240
sicilia,Utenti del 1522,femmine,non indicato,2021,538
sicilia,Utenti del 1522,femmine,non indicato,2022,551
sicilia,Utenti del 1522,femmine,non indicato,2023,975
sicilia,Utenti del 1522,femmine,non indicato,2024,1401
sicilia,Utenti del 1522,non indicato,no,2023,1
sicilia,Utenti del 1522,non indicato,si,2023,5
sicilia,Utenti del 1522,non indicato,non indicato,2023,8
sicilia,Utenti del 1522,non indicato,non indicato,2024,5
sardegna,Utenti del 1522,maschi,no,2015,58
sardegna,Utenti del 1522,maschi,no,2016,34
sardegna,Utenti del 1522,maschi,no,2017,39
sardegna,Utenti del 1522,maschi,no,2018,50
sardegna,Utenti del 1522,maschi,no,2019,43
sardegna,Utenti del 1522,maschi,no,2020,61
sardegna,Utenti del 1522,maschi,no,2021,39
sardegna,Utenti del 1522,maschi,no,2022,27
sardegna,Utenti del 1522,maschi,no,2023,6
sardegna,Utenti del 1522,maschi,no,2024,6
sardegna,Utenti del 1522,maschi,si,2015,2
sardegna,Utenti del 1522,maschi,si,2016,2
sardegna,Utenti del 1522,maschi,si,2017,1
sardegna,Utenti del 1522,maschi,si,2018,3
sardegna,Utenti del 1522,maschi,si,2019,2
sardegna,Utenti del 1522,maschi,si,2020,5
sardegna,Utenti del 1522,maschi,si,2021,9
sardegna,Utenti del 1522,maschi,si,2022,4
sardegna,Utenti del 1522,maschi,si,2023,10
sardegna,Utenti del 1522,maschi,non indicato,2015,8
sardegna,Utenti del 1522,maschi,non indicato,2016,5
sardegna,Utenti del 1522,maschi,non indicato,2017,4
sardegna,Utenti del 1522,maschi,non indicato,2018,2
sardegna,Utenti del 1522,maschi,non indicato,2019,2
sardegna,Utenti del 1522,maschi,non indicato,2020,20
sardegna,Utenti del 1522,maschi,non indicato,2021,29
sardegna,Utenti del 1522,maschi,non indicato,2022,27
sardegna,Utenti del 1522,maschi,non indicato,2023,76
sardegna,Utenti del 1522,maschi,non indicato,2024,116
sardegna,Utenti del 1522,femmine,no,2015,434
sardegna,Utenti del 1522,femmine,no,2016,451
sardegna,Utenti del 1522,femmine,no,2017,404
sardegna,Utenti del 1522,femmine,no,2018,521
sardegna,Utenti del 1522,femmine,no,2019,427
sardegna,Utenti del 1522,femmine,no,2020,432
sardegna,Utenti del 1522,femmine,no,2021,328
sardegna,Utenti del 1522,femmine,no,2022,328
sardegna,Utenti del 1522,femmine,no,2023,116
sardegna,Utenti del 1522,femmine,no,2024,253
sardegna,Utenti del 1522,femmine,si,2015,17
sardegna,Utenti del 1522,femmine,si,2016,35
sardegna,Utenti del 1522,femmine,si,2017,14
sardegna,Utenti del 1522,femmine,si,2018,16
sardegna,Utenti del 1522,femmine,si,2019,18
sardegna,Utenti del 1522,femmine,si,2020,41
sardegna,Utenti del 1522,femmine,si,2021,151
sardegna,Utenti del 1522,femmine,si,2022,90
sardegna,Utenti del 1522,femmine,si,2023,104
sardegna,Utenti del 1522,femmine,si,2024,31
sardegna,Utenti del 1522,femmine,non indicato,2015,69
sardegna,Utenti del 1522,femmine,non indicato,2016,42
sardegna,Utenti del 1522,femmine,non indicato,2017,39
sardegna,Utenti del 1522,femmine,non indicato,2018,12
sardegna,Utenti del 1522,femmine,non indicato,2019,4
sardegna,Utenti del 1522,femmine,non indicato,2020,82
sardegna,Utenti del 1522,femmine,non indicato,2021,233
sardegna,Utenti del 1522,femmine,non indicato,2022,244
sardegna,Utenti del 1522,femmine,non indicato,2023,485
sardegna,Utenti del 1522,femmine,non indicato,2024,576
sardegna,Utenti del 1522,non indicato,non indicato,2023,4
sardegna,Utenti del 1522,non indicato,non indicato,2024,1
non indicato,Utenti del 1522,maschi,no,2015,196
non indicato,Utenti del 1522,maschi,no,2016,156
non indicato,Utenti del 1522,maschi,no,2017,328
non indicato,Utenti del 1522,maschi,no,2018,467
non indicato,Utenti del 1522,maschi,no,2019,266
non indicato,Utenti del 1522,maschi,no,2020,432
non indicato,Utenti del 1522,maschi,no,2021,591
non indicato,Utenti del 1522,maschi,no,2022,438
non indicato,Utenti del 1522,maschi,no,2023,60
non indicato,Utenti del 1522,maschi,no,2024,108
non indicato,Utenti del 1522,maschi,si,2015,14
non indicato,Utenti del 1522,maschi,si,2016,8
non indicato,Utenti del 1522,maschi,si,2017,28
non indicato,Utenti del 1522,maschi,si,2018,24
non indicato,Utenti del 1522,maschi,si,2019,10
non indicato,Utenti del 1522,maschi,si,2020,31
non indicato,Utenti del 1522,maschi,si,2021,134
non indicato,Utenti del 1522,maschi,si,2022,86
non indicato,Utenti del 1522,maschi,si,2023,122
non indicato,Utenti del 1522,maschi,si,2024,43
non indicato,Utenti del 1522,maschi,non indicato,2015,88
non indicato,Utenti del 1522,maschi,non indicato,2016,62
non indicato,Utenti del 1522,maschi,non indicato,2017,77
non indicato,Utenti del 1522,maschi,non indicato,2018,51
non indicato,Utenti del 1522,maschi,non indicato,2019,31
non indicato,Utenti del 1522,maschi,non indicato,2020,413
non indicato,Utenti del 1522,maschi,non indicato,2021,877
non indicato,Utenti del 1522,maschi,non indicato,2022,930
non indicato,Utenti del 1522,maschi,non indicato,2023,2239
non indicato,Utenti del 1522,maschi,non indicato,2024,3424
non indicato,Utenti del 1522,femmine,no,2015,1077
non indicato,Utenti del 1522,femmine,no,2016,913
non indicato,Utenti del 1522,femmine,no,2017,1700
non indicato,Utenti del 1522,femmine,no,2018,2343
non indicato,Utenti del 1522,femmine,no,2019,1541
non indicato,Utenti del 1522,femmine,no,2020,2997
non indicato,Utenti del 1522,femmine,no,2021,3112
non indicato,Utenti del 1522,femmine,no,2022,2422
non indicato,Utenti del 1522,femmine,no,2023,949
non indicato,Utenti del 1522,femmine,no,2024,786
non indicato,Utenti del 1522,femmine,si,2015,20
non indicato,Utenti del 1522,femmine,si,2016,19
non indicato,Utenti del 1522,femmine,si,2017,30
non indicato,Utenti del 1522,femmine,si,2018,51
non indicato,Utenti del 1522,femmine,si,2019,24
non indicato,Utenti del 1522,femmine,si,2020,323
non indicato,Utenti del 1522,femmine,si,2021,706
non indicato,Utenti del 1522,femmine,si,2022,459
non indicato,Utenti del 1522,femmine,si,2023,1539
non indicato,Utenti del 1522,femmine,si,2024,324
non indicato,Utenti del 1522,femmine,non indicato,2015,278
non indicato,Utenti del 1522,femmine,non indicato,2016,246
non indicato,Utenti del 1522,femmine,non indicato,2017,440
non indicato,Utenti del 1522,femmine,non indicato,2018,252
non indicato,Utenti del 1522,femmine,non indicato,2019,220
non indicato,Utenti del 1522,femmine,non indicato,2020,2716
non indicato,Utenti del 1522,femmine,non indicato,2021,4843
non indicato,Utenti del 1522,femmine,non indicato,2022,4421
non indicato,Utenti del 1522,femmine,non indicato,2023,9579
non indicato,Utenti del 1522,femmine,non indicato,2024,13287
non indicato,Utenti del 1522,non indicato,no,2023,6
non indicato,Utenti del 1522,non indicato,no,2024,4
non indicato,Utenti del 1522,non indicato,si,2023,43
non indicato,Utenti del 1522,non indicato,si,2024,20
non indicato,Utenti del 1522,non indicato,non indicato,2015,1
non indicato,Utenti del 1522,non indicato,non indicato,2019,2
non indicato,Utenti del 1522,non indicato,non indicato,2020,9
non indicato,Utenti del 1522,non indicato,non indicato,2021,11
non indicato,Utenti del 1522,non indicato,non indicato,2022,15
non indicato,Utenti del 1522,non indicato,non indicato,2023,4102
non indicato,Utenti del 1522,non indicato,non indicato,2024,4456
